epoch,train_loss,train_loss_sd,val_acc,val_acc_sd,val_ppl,val_ppl_sd
1,3.70090,0.00370,34.47667,0.01528,40.46333,0.02082
2,3.66683,0.00260,34.74333,0.04726,39.50000,0.02000
3,3.65587,0.00311,34.90333,0.03512,38.92000,0.04583
4,3.64210,0.00303,35.02667,0.02517,38.49000,0.03606
5,3.64880,0.00320,35.12000,0.01732,38.15333,0.03512
6,3.64353,0.00244,35.17667,0.02082,37.86667,0.04726
7,3.62553,0.00260,35.25333,0.05508,37.65333,0.03786
8,3.60520,0.00528,35.27000,0.01000,37.50333,0.04726
9,3.60973,0.00875,35.31667,0.01155,37.38333,0.02887
10,3.59860,0.00101,35.36000,0.02000,37.19000,0.06557
11,3.58607,0.00166,35.40000,0.02000,37.14333,0.06028
12,3.59273,0.00254,35.51333,0.00577,36.63000,0.05196
13,3.57100,0.00272,35.67333,0.02082,36.10000,0.05292
14,3.55767,0.00267,35.76000,0.00000,35.72333,0.02517
