model,optimizer,dataset,seed,train_curve_max_abs_diff_vs_v2,val_loss_step0_diff_vs_v2,val_loss_step64_diff_vs_v2
nanogpt,adam,codeparrot,42,0.0134,0,0.002021
nanogpt,adam,codeparrot,43,0.005528,0,4.94e-05
nanogpt,adam,codeparrot,44,0.001329,0,1.291e-05
nanogpt,adam,stackmathqa,42,0.0005212,0,7.226e-06
nanogpt,adam,stackmathqa,43,0.0007306,0,5.621e-06
nanogpt,adam,stackmathqa,44,0.0006675,0,1.091e-05
nanogpt,adam,musicpile,42,0.0007147,0,0.0001015
nanogpt,adam,musicpile,43,0.0006387,0,2.725e-05
nanogpt,adam,musicpile,44,0.0006933,0,1.746e-05
nanogpt,adam,tulu3,42,0.0005251,0,8.69e-05
nanogpt,adam,tulu3,43,0.0004609,0,1.851e-05
nanogpt,adam,tulu3,44,0.0006641,0,1.682e-05
nanogpt,sgd,codeparrot,42,0.0006325,0,1.353e-05
nanogpt,sgd,codeparrot,43,0.001378,0,5.964e-05
nanogpt,sgd,codeparrot,44,0.001609,0,0.0003122
nanogpt,sgd,stackmathqa,42,0.000546,0,6.919e-05
nanogpt,sgd,stackmathqa,43,0.000603,0,4.033e-05
nanogpt,sgd,stackmathqa,44,0.0006491,0,3.279e-05
nanogpt,sgd,musicpile,42,0.0009807,0,0.0002183
nanogpt,sgd,musicpile,43,0.001105,0,9.355e-05
nanogpt,sgd,musicpile,44,0.0009453,0,2.876e-05
nanogpt,sgd,tulu3,42,0.0007128,0,4.915e-05
nanogpt,sgd,tulu3,43,0.0007137,0,8.529e-05
nanogpt,sgd,tulu3,44,0.001041,0,9.872e-05
nanogpt,muon,codeparrot,42,0.001875,0,2.996e-05
nanogpt,muon,codeparrot,43,0.001189,0,5.276e-05
nanogpt,muon,codeparrot,44,0.001072,0,8.805e-05
nanogpt,muon,stackmathqa,42,0.002054,0,3.691e-05
nanogpt,muon,stackmathqa,43,0.002434,0,0.000118
nanogpt,muon,stackmathqa,44,0.001056,0,5.3e-05
nanogpt,muon,musicpile,42,0.001689,0,4.642e-05
nanogpt,muon,musicpile,43,0.001531,0,4.39e-06
nanogpt,muon,musicpile,44,0.001434,0,1.261e-05
nanogpt,muon,tulu3,42,0.001142,0,9.675e-06
nanogpt,muon,tulu3,43,0.001501,0,0.0001038
nanogpt,muon,tulu3,44,0.002312,0,6.346e-05
nanogpt,sam,codeparrot,42,0.000838,0,4.336e-05
nanogpt,sam,codeparrot,43,0.0006683,0,0.0001635
nanogpt,sam,codeparrot,44,0.0004656,0,3.351e-05
nanogpt,sam,stackmathqa,42,0.0005403,0,4.996e-05
nanogpt,sam,stackmathqa,43,0.0006027,0,7.186e-05
nanogpt,sam,stackmathqa,44,0.000905,0,7.521e-05
nanogpt,sam,musicpile,42,0.0009911,0,5.917e-05
nanogpt,sam,musicpile,43,0.001092,0,9.738e-05
nanogpt,sam,musicpile,44,0.001138,0,7.137e-05
nanogpt,sam,tulu3,42,0.0008152,0,0.0001213
nanogpt,sam,tulu3,43,0.0008042,0,2.429e-05
nanogpt,sam,tulu3,44,0.0007865,0,9.225e-05
nanogpt,fsam,codeparrot,42,0.0005636,0,0.0002018
nanogpt,fsam,codeparrot,43,0.0005401,0,0.0001362
nanogpt,fsam,codeparrot,44,0.0008361,0,7.376e-06
nanogpt,fsam,stackmathqa,42,0.0005566,0,4.151e-05
nanogpt,fsam,stackmathqa,43,0.0005982,0,5.159e-05
nanogpt,fsam,stackmathqa,44,0.0005143,0,3.159e-05
nanogpt,fsam,musicpile,42,0.001597,0,0.0001778
nanogpt,fsam,musicpile,43,0.001081,0,0.0001703
nanogpt,fsam,musicpile,44,0.001266,0,0.0001393
nanogpt,fsam,tulu3,42,0.0007188,0,9.178e-05
nanogpt,fsam,tulu3,43,0.0007249,0,2.96e-05
nanogpt,fsam,tulu3,44,0.0005062,0,8.573e-05
nanogpt,muon_sam,codeparrot,42,0.001312,0,0.0001168
nanogpt,muon_sam,codeparrot,43,0.00487,0,0.0009958
nanogpt,muon_sam,codeparrot,44,0.0007507,0,2.85e-05
nanogpt,muon_sam,stackmathqa,42,0.001969,0,4.744e-05
nanogpt,muon_sam,stackmathqa,43,0.0008484,0,2.417e-05
nanogpt,muon_sam,stackmathqa,44,0.001379,0,2.79e-05
nanogpt,muon_sam,musicpile,42,0.0006536,0,4.092e-05
nanogpt,muon_sam,musicpile,43,0.0008383,0,0.0001887
nanogpt,muon_sam,musicpile,44,0.0009766,0,1.389e-05
nanogpt,muon_sam,tulu3,42,0.0008055,0,7.867e-05
nanogpt,muon_sam,tulu3,43,0.00086,0,7.82e-05
nanogpt,muon_sam,tulu3,44,0.0008622,0,6.891e-05
nanogpt,fsam_ortho_muon,codeparrot,42,0.01984,0,0.003179
nanogpt,fsam_ortho_muon,codeparrot,43,0.0009744,0,5.737e-05
nanogpt,fsam_ortho_muon,codeparrot,44,0.0007285,0,2.666e-05
nanogpt,fsam_ortho_muon,stackmathqa,42,0.001114,0,2.507e-05
nanogpt,fsam_ortho_muon,stackmathqa,43,0.00064,0,4.373e-05
nanogpt,fsam_ortho_muon,stackmathqa,44,0.001447,0,5.214e-05
nanogpt,fsam_ortho_muon,musicpile,42,0.0007569,0,2.033e-05
nanogpt,fsam_ortho_muon,musicpile,43,0.0006832,0,3.98e-05
nanogpt,fsam_ortho_muon,musicpile,44,0.001018,0,1.091e-05
nanogpt,fsam_ortho_muon,tulu3,42,0.0008919,0,0.0001885
nanogpt,fsam_ortho_muon,tulu3,43,0.0007995,0,9.186e-05
nanogpt,fsam_ortho_muon,tulu3,44,0.0006691,0,6.66e-05
nanogpt,fsam_ortho_muon_stale_momentum,codeparrot,42,0.0008482,0,8.994e-05
nanogpt,fsam_ortho_muon_stale_momentum,codeparrot,43,0.001163,0,2.084e-05
nanogpt,fsam_ortho_muon_stale_momentum,codeparrot,44,0.001527,0,0.0001298
nanogpt,fsam_ortho_muon_stale_momentum,stackmathqa,42,0.001571,0,8.23e-05
nanogpt,fsam_ortho_muon_stale_momentum,stackmathqa,43,0.001637,0,9.63e-06
nanogpt,fsam_ortho_muon_stale_momentum,stackmathqa,44,0.003121,0,3.569e-05
nanogpt,fsam_ortho_muon_stale_momentum,musicpile,42,0.001773,0,7.046e-05
nanogpt,fsam_ortho_muon_stale_momentum,musicpile,43,0.001396,0,4.18e-06
nanogpt,fsam_ortho_muon_stale_momentum,musicpile,44,0.001405,0,4.637e-05
nanogpt,fsam_ortho_muon_stale_momentum,tulu3,42,0.001064,0,2.258e-05
nanogpt,fsam_ortho_muon_stale_momentum,tulu3,43,0.001229,0,5.998e-05
nanogpt,fsam_ortho_muon_stale_momentum,tulu3,44,0.001182,0,3.266e-05
nanogpt,randsam_muon,codeparrot,42,0.006266,0,0.0001392
nanogpt,randsam_muon,codeparrot,43,0.001268,0,3.686e-05
nanogpt,randsam_muon,codeparrot,44,0.000663,0,5.26e-05
nanogpt,randsam_muon,stackmathqa,42,0.001433,0,5.071e-05
nanogpt,randsam_muon,stackmathqa,43,0.001308,0,1.597e-05
nanogpt,randsam_muon,stackmathqa,44,0.002042,0,4.288e-05
nanogpt,randsam_muon,musicpile,42,0.001276,0,6.475e-05
nanogpt,randsam_muon,musicpile,43,0.002157,0,9.845e-05
nanogpt,randsam_muon,musicpile,44,0.002044,0,1.044e-05
nanogpt,randsam_muon,tulu3,42,0.00124,0,6.528e-06
nanogpt,randsam_muon,tulu3,43,0.001508,0,7.581e-05
nanogpt,randsam_muon,tulu3,44,0.001455,0,4.371e-06
nanogpt,soma_prens5,codeparrot,42,0.002029,0,0.0002955
nanogpt,soma_prens5,codeparrot,43,0.001855,0,8.933e-05
nanogpt,soma_prens5,codeparrot,44,0.001974,0,0.0002335
nanogpt,soma_prens5,stackmathqa,42,0.001687,0,7.127e-05
nanogpt,soma_prens5,stackmathqa,43,0.001109,0,4.518e-05
nanogpt,soma_prens5,stackmathqa,44,0.002299,0,2.446e-05
nanogpt,soma_prens5,musicpile,42,0.001672,0,8.413e-05
nanogpt,soma_prens5,musicpile,43,0.001617,0,0.0001311
nanogpt,soma_prens5,musicpile,44,0.00212,0,0.0001357
nanogpt,soma_prens5,tulu3,42,0.00098,0,3.204e-05
nanogpt,soma_prens5,tulu3,43,0.001034,0,2.218e-05
nanogpt,soma_prens5,tulu3,44,0.00124,0,2.392e-05
nanogpt,op_soma_postns5,codeparrot,42,0.001029,0,0.0001082
nanogpt,op_soma_postns5,codeparrot,43,0.001054,0,5.302e-05
nanogpt,op_soma_postns5,codeparrot,44,0.002037,0,3.129e-05
nanogpt,op_soma_postns5,stackmathqa,42,0.001441,0,3.086e-05
nanogpt,op_soma_postns5,stackmathqa,43,0.001245,0,1.126e-05
nanogpt,op_soma_postns5,stackmathqa,44,0.00188,0,4.815e-05
nanogpt,op_soma_postns5,musicpile,42,0.002049,0,0.0001707
nanogpt,op_soma_postns5,musicpile,43,0.001831,0,4.643e-05
nanogpt,op_soma_postns5,musicpile,44,0.001634,0,2.053e-05
nanogpt,op_soma_postns5,tulu3,42,0.001124,0,3.089e-05
nanogpt,op_soma_postns5,tulu3,43,0.001369,0,1.069e-05
nanogpt,op_soma_postns5,tulu3,44,0.001326,0,1.523e-06
pythia70m,adam,codeparrot,42,0.02979,0,0.004282
pythia70m,adam,codeparrot,43,0.02241,0,0.001073
pythia70m,adam,codeparrot,44,0.02913,0,0.00244
pythia70m,adam,stackmathqa,42,0.009306,0,0.001413
pythia70m,adam,stackmathqa,43,0.0194,0,0.001499
pythia70m,adam,stackmathqa,44,0.007817,0,0.0004218
pythia70m,adam,musicpile,42,0.2202,0,0.01521
pythia70m,adam,musicpile,43,0.09718,0,0.00125
pythia70m,adam,musicpile,44,0.06906,0,0.001104
pythia70m,adam,tulu3,42,0.05358,0,0.003944
pythia70m,adam,tulu3,43,0.08308,0,0.003701
pythia70m,adam,tulu3,44,0.1263,0,0.001662
pythia70m,sgd,codeparrot,42,0.07958,0,0.0002876
pythia70m,sgd,codeparrot,43,0.02898,0,0.0006043
pythia70m,sgd,codeparrot,44,0.05231,0,0.004642
pythia70m,sgd,stackmathqa,42,0.01627,0,0.001393
pythia70m,sgd,stackmathqa,43,0.02797,0,0.002414
pythia70m,sgd,stackmathqa,44,0.0286,0,0.005127
pythia70m,sgd,musicpile,42,0.1705,0,0.001558
pythia70m,sgd,musicpile,43,0.2706,0,0.01728
pythia70m,sgd,musicpile,44,0.1488,0,0.002412
pythia70m,sgd,tulu3,42,0.3893,0,0.02338
pythia70m,sgd,tulu3,43,0.525,0,0.02611
pythia70m,sgd,tulu3,44,0.1974,0,0.004834
pythia70m,muon,codeparrot,42,0.01413,0,0.0006138
pythia70m,muon,codeparrot,43,0.02554,0,0.0006236
pythia70m,muon,codeparrot,44,0.02741,0,0.000145
pythia70m,muon,stackmathqa,42,0.0132,0,0.001303
pythia70m,muon,stackmathqa,43,0.01063,0,8.325e-05
pythia70m,muon,stackmathqa,44,0.01649,0,0.0003652
pythia70m,muon,musicpile,42,0.5067,0,0.008512
pythia70m,muon,musicpile,43,0.2164,0,0.005548
pythia70m,muon,musicpile,44,0.4126,0,0.006205
pythia70m,muon,tulu3,42,0.4378,0,0.01253
pythia70m,muon,tulu3,43,0.2695,0,0.006524
pythia70m,muon,tulu3,44,2.662,0,0.01257
pythia70m,sam,codeparrot,42,0.02521,0,0.004362
pythia70m,sam,codeparrot,43,0.02005,0,0.00346
pythia70m,sam,codeparrot,44,0.01541,0,0.004119
pythia70m,sam,stackmathqa,42,0.04498,0,0.002384
pythia70m,sam,stackmathqa,43,0.01939,0,0.001507
pythia70m,sam,stackmathqa,44,0.02511,0,0.002389
pythia70m,sam,musicpile,42,0.5291,0,0.01267
pythia70m,sam,musicpile,43,0.2754,0,0.002295
pythia70m,sam,musicpile,44,0.2569,0,0.003093
pythia70m,sam,tulu3,42,0.2617,0,0.01747
pythia70m,sam,tulu3,43,0.8166,0,0.01542
pythia70m,sam,tulu3,44,0.6437,0,0.01447
pythia70m,fsam,codeparrot,42,0.01815,0,0.007545
pythia70m,fsam,codeparrot,43,0.04687,0,0.004632
pythia70m,fsam,codeparrot,44,0.0264,0,0.001245
pythia70m,fsam,stackmathqa,42,0.03219,0,0.0003092
pythia70m,fsam,stackmathqa,43,0.01738,0,0.0006293
pythia70m,fsam,stackmathqa,44,0.02002,0,0.0008662
pythia70m,fsam,musicpile,42,0.2613,0,0.004755
pythia70m,fsam,musicpile,43,0.2245,0,0.01008
pythia70m,fsam,musicpile,44,0.09827,0,0.01046
pythia70m,fsam,tulu3,42,0.35,0,0.005543
pythia70m,fsam,tulu3,43,0.3709,0,0.006445
pythia70m,fsam,tulu3,44,0.5717,0,0.0009029
pythia70m,muon_sam,codeparrot,42,0.01164,0,0.00202
pythia70m,muon_sam,codeparrot,43,0.02195,0,0.002196
pythia70m,muon_sam,codeparrot,44,0.02221,0,0.003133
pythia70m,muon_sam,stackmathqa,42,0.01184,0,0.003766
pythia70m,muon_sam,stackmathqa,43,0.02692,0,0.002009
pythia70m,muon_sam,stackmathqa,44,0.0187,0,0.0004456
pythia70m,muon_sam,musicpile,42,0.2801,0,0.0002254
pythia70m,muon_sam,musicpile,43,0.6178,0,0.01088
pythia70m,muon_sam,musicpile,44,0.7581,0,0.001494
pythia70m,muon_sam,tulu3,42,0.3325,0,0.01104
pythia70m,muon_sam,tulu3,43,0.8872,0,0.01678
pythia70m,muon_sam,tulu3,44,0.4719,0,0.004411
pythia70m,fsam_ortho_muon,codeparrot,42,0.04439,0,0.003349
pythia70m,fsam_ortho_muon,codeparrot,43,0.01648,0,0.0003162
pythia70m,fsam_ortho_muon,codeparrot,44,0.02471,0,0.0003866
pythia70m,fsam_ortho_muon,stackmathqa,42,0.02181,0,0.001617
pythia70m,fsam_ortho_muon,stackmathqa,43,0.01558,0,0.0004099
pythia70m,fsam_ortho_muon,stackmathqa,44,0.009432,0,0.0009223
pythia70m,fsam_ortho_muon,musicpile,42,0.1142,0,0.002999
pythia70m,fsam_ortho_muon,musicpile,43,0.139,0,0.006443
pythia70m,fsam_ortho_muon,musicpile,44,0.2769,0,0.003549
pythia70m,fsam_ortho_muon,tulu3,42,0.5892,0,0.02231
pythia70m,fsam_ortho_muon,tulu3,43,0.1712,0,0.003163
pythia70m,fsam_ortho_muon,tulu3,44,0.3938,0,0.0153
pythia70m,fsam_ortho_muon_stale_momentum,codeparrot,42,0.02236,0,0.001482
pythia70m,fsam_ortho_muon_stale_momentum,codeparrot,43,0.009625,0,0.0007273
pythia70m,fsam_ortho_muon_stale_momentum,codeparrot,44,0.01109,0,0.001728
pythia70m,fsam_ortho_muon_stale_momentum,stackmathqa,42,0.01011,0,4.737e-05
pythia70m,fsam_ortho_muon_stale_momentum,stackmathqa,43,0.007085,0,0.001576
pythia70m,fsam_ortho_muon_stale_momentum,stackmathqa,44,0.006337,0,0.001103
pythia70m,fsam_ortho_muon_stale_momentum,musicpile,42,0.2614,0,0.01171
pythia70m,fsam_ortho_muon_stale_momentum,musicpile,43,0.6912,0,0.01574
pythia70m,fsam_ortho_muon_stale_momentum,musicpile,44,0.1302,0,0.01465
pythia70m,fsam_ortho_muon_stale_momentum,tulu3,42,0.1218,0,0.007554
pythia70m,fsam_ortho_muon_stale_momentum,tulu3,43,0.6668,0,0.005011
pythia70m,fsam_ortho_muon_stale_momentum,tulu3,44,0.5272,0,0.000529
pythia70m,randsam_muon,codeparrot,42,0.01511,0,0.0003783
pythia70m,randsam_muon,codeparrot,43,0.02094,0,0.0007824
pythia70m,randsam_muon,codeparrot,44,0.03069,0,0.002733
pythia70m,randsam_muon,stackmathqa,42,0.02457,0,9.6e-05
pythia70m,randsam_muon,stackmathqa,43,0.03205,0,0.001465
pythia70m,randsam_muon,stackmathqa,44,0.01539,0,0.00017
pythia70m,randsam_muon,musicpile,42,0.05284,0,0.001691
pythia70m,randsam_muon,musicpile,43,0.2263,0,0.006588
pythia70m,randsam_muon,musicpile,44,0.1023,0,0.01132
pythia70m,randsam_muon,tulu3,42,0.1961,0,0.009659
pythia70m,randsam_muon,tulu3,43,0.5108,0,0.01188
pythia70m,randsam_muon,tulu3,44,0.3791,0,0.008706
pythia70m,soma_prens5,codeparrot,42,0.02397,0,0.000237
pythia70m,soma_prens5,codeparrot,43,0.01398,0,0.0006935
pythia70m,soma_prens5,codeparrot,44,0.03841,0,0.004231
pythia70m,soma_prens5,stackmathqa,42,0.008299,0,0.0004559
pythia70m,soma_prens5,stackmathqa,43,0.02101,0,0.001386
pythia70m,soma_prens5,stackmathqa,44,0.0127,0,0.00186
pythia70m,soma_prens5,musicpile,42,0.2901,0,0.003072
pythia70m,soma_prens5,musicpile,43,0.09166,0,0.004459
pythia70m,soma_prens5,musicpile,44,0.5984,0,0.01463
pythia70m,soma_prens5,tulu3,42,0.3591,0,0.01612
pythia70m,soma_prens5,tulu3,43,0.1245,0,0.002542
pythia70m,soma_prens5,tulu3,44,0.153,0,0.002172
pythia70m,op_soma_postns5,codeparrot,42,0.01752,0,0.001389
pythia70m,op_soma_postns5,codeparrot,43,0.02206,0,0.001081
pythia70m,op_soma_postns5,codeparrot,44,0.04036,0,0.0005966
pythia70m,op_soma_postns5,stackmathqa,42,0.0132,0,0.0009928
pythia70m,op_soma_postns5,stackmathqa,43,0.0112,0,0.0006583
pythia70m,op_soma_postns5,stackmathqa,44,0.01142,0,0.0004088
pythia70m,op_soma_postns5,musicpile,42,0.3256,0,0.01199
pythia70m,op_soma_postns5,musicpile,43,0.3224,0,0.009834
pythia70m,op_soma_postns5,musicpile,44,0.4229,0,0.005286
pythia70m,op_soma_postns5,tulu3,42,0.2554,0,1.654e-05
pythia70m,op_soma_postns5,tulu3,43,0.309,0,0.001543
pythia70m,op_soma_postns5,tulu3,44,0.1855,0,0.01088
