epoch,optimizer,seed,train_loss,train_accuracy,val_loss,val_accuracy,val_perplexity,time_s
1,fsam_ortho_muon,42,3.4747,36.76,3.3045,38.78,27.23,574.8
2,fsam_ortho_muon,42,3.3842,37.81,3.2903,38.90,26.85,465.9
3,fsam_ortho_muon,42,3.3801,37.90,3.2821,39.03,26.63,464.2
4,fsam_ortho_muon,42,3.3603,38.03,3.2723,39.09,26.37,769.5
5,fsam_ortho_muon,42,3.3721,37.90,3.2639,39.20,26.15,1000.2
6,fsam_ortho_muon,42,3.3663,37.94,3.2581,39.23,26.00,1005.3
7,fsam_ortho_muon,42,3.3534,38.07,3.2520,39.31,25.84,507.7
8,fsam_ortho_muon,42,3.3262,38.37,3.2549,39.29,25.92,465.9
9,fsam_ortho_muon,42,3.3317,38.38,3.2506,39.34,25.81,463.5
10,fsam_ortho_muon,42,3.3293,38.36,3.2474,39.35,25.72,440.9
11,fsam_ortho_muon,42,3.3146,38.50,3.2445,39.37,25.65,444.9
12,fsam_ortho_muon,42,3.3201,38.43,3.2402,39.38,25.54,427.1
13,fsam_ortho_muon,42,3.3141,38.56,3.2296,39.58,25.27,464.5
14,fsam_ortho_muon,42,3.2975,38.75,3.2159,39.71,24.92,465.6
15,fsam_ortho_muon,42,3.3147,38.50,3.2086,39.83,24.74,464.5
1,fsam,43,3.8124,33.59,3.4416,37.20,31.24,586.6
2,fsam,43,3.7008,34.81,3.4087,37.75,30.23,459.4
3,fsam,43,3.5620,36.06,3.3376,38.65,28.15,438.9
4,fsam,43,3.4289,37.35,3.3076,38.76,27.32,771.3
5,fsam,43,3.4487,37.00,3.2914,38.87,26.88,1017.1
6,fsam,43,3.4302,37.27,3.3527,38.33,28.58,1016.4
7,fsam,43,3.3953,37.67,3.2844,38.95,26.69,489.7
8,fsam,43,3.3703,37.93,3.2787,39.00,26.54,444.6
9,fsam,43,3.3814,37.80,3.3922,37.31,29.73,454.1
10,fsam,43,3.3693,37.95,3.2747,38.98,26.44,458.8
11,fsam,43,3.3469,38.16,3.2680,39.22,26.26,457.6
12,fsam,43,3.3608,38.02,3.2636,39.20,26.14,450.1
13,fsam,43,3.3435,38.25,3.2555,39.29,25.93,450.2
14,fsam,43,3.3375,38.30,3.2510,39.35,25.82,452.5
15,fsam,43,3.3639,38.02,3.2478,39.40,25.73,456.8
1,fsam,42,3.8779,32.79,3.5475,35.67,34.73,551.2
2,fsam,42,3.6770,35.07,3.4812,36.86,32.50,461.8
3,fsam,42,3.5311,36.38,3.3221,38.66,27.72,456.8
4,fsam,42,3.4431,37.05,3.4041,38.03,30.09,779.4
5,fsam,42,3.4341,37.21,3.2934,38.80,26.93,1010.5
6,fsam,42,3.4077,37.51,3.2830,39.10,26.66,1003.3
7,fsam,42,3.4218,37.30,3.2732,39.09,26.40,488.3
8,fsam,42,3.3610,38.03,3.2708,39.09,26.33,459.8
9,fsam,42,3.3877,37.72,3.2803,39.10,26.58,452.8
10,fsam,42,3.3655,38.00,3.2672,39.20,26.24,456.9
11,fsam,42,3.3504,38.13,3.2715,39.22,26.35,457.9
12,fsam,42,3.3570,38.06,3.2627,39.19,26.12,457.6
13,fsam,42,3.3492,38.20,3.2536,39.31,25.88,459.8
14,fsam,42,3.3398,38.32,3.2505,39.37,25.80,459.5
15,fsam,42,3.3612,38.03,3.2483,39.39,25.75,459.5
1,muon_sam,42,3.4804,36.68,3.3067,38.76,27.29,567.1
2,muon_sam,42,3.3850,37.80,3.2916,38.89,26.89,464.9
3,muon_sam,42,3.3806,37.90,3.2830,39.01,26.66,454.7
4,muon_sam,42,3.3607,38.03,3.2729,39.08,26.39,754.6
5,muon_sam,42,3.3723,37.90,3.2651,39.18,26.18,971.8
6,muon_sam,42,3.3667,37.94,3.2588,39.22,26.02,977.4
7,muon_sam,42,3.3537,38.07,3.2523,39.32,25.85,541.8
8,muon_sam,42,3.3265,38.37,3.2560,39.25,25.95,465.4
9,muon_sam,42,3.3320,38.38,3.2514,39.32,25.83,462.1
10,muon_sam,42,3.3296,38.35,3.2483,39.33,25.75,463.0
11,muon_sam,42,3.3149,38.49,3.2454,39.35,25.67,463.1
12,muon_sam,42,3.3205,38.43,3.2410,39.36,25.56,463.9
13,muon_sam,42,3.3143,38.55,3.2306,39.57,25.29,463.4
14,muon_sam,42,3.2976,38.75,3.2165,39.70,24.94,463.0
15,muon_sam,42,3.3147,38.51,3.2093,39.79,24.76,464.9
1,muon_sam,43,3.4773,36.72,3.3059,38.77,27.27,561.9
2,muon_sam,43,3.3899,37.71,3.2902,38.86,26.85,465.0
3,muon_sam,43,3.3794,37.87,3.2795,38.97,26.56,461.2
4,muon_sam,43,3.3628,38.02,3.2735,39.05,26.40,786.8
5,muon_sam,43,3.3738,37.86,3.2660,39.15,26.21,995.3
6,muon_sam,43,3.3688,37.96,3.2602,39.19,26.06,996.3
7,muon_sam,43,3.3542,38.09,3.2538,39.23,25.89,492.1
8,muon_sam,43,3.3306,38.36,3.2537,39.28,25.89,450.4
9,muon_sam,43,3.3380,38.27,3.2515,39.31,25.83,458.1
10,muon_sam,43,3.3264,38.40,3.2484,39.29,25.75,462.9
11,muon_sam,43,3.3105,38.53,3.2446,39.33,25.65,449.8
12,muon_sam,43,3.3218,38.42,3.2425,39.40,25.60,463.2
13,muon_sam,43,3.3076,38.60,3.2288,39.55,25.25,461.8
14,muon_sam,43,3.2959,38.73,3.2161,39.74,24.93,462.7
15,muon_sam,43,3.3172,38.50,3.2079,39.83,24.73,464.8
1,sam,42,3.8566,32.94,3.4620,37.37,31.88,550.1
2,sam,42,3.6283,35.59,3.4216,37.95,30.62,461.7
3,sam,42,3.5528,36.05,3.3586,38.43,28.75,455.1
4,sam,42,3.4263,37.31,3.3051,38.64,27.25,775.2
5,sam,42,3.4195,37.37,3.3032,39.00,27.20,1000.5
6,sam,42,3.4069,37.52,3.2802,39.04,26.58,1010.9
7,sam,42,3.4313,37.12,3.2760,39.09,26.47,494.1
8,sam,42,3.3643,37.99,3.2700,39.14,26.31,461.4
9,sam,42,3.4869,36.60,3.3827,37.55,29.45,458.5
10,sam,42,3.4206,37.31,3.2713,39.19,26.34,460.3
11,sam,42,3.3522,38.12,3.2671,39.10,26.24,458.4
12,sam,42,3.3566,38.05,3.2668,39.16,26.23,460.3
13,sam,42,3.3512,38.19,3.2543,39.32,25.90,460.5
14,sam,42,3.3407,38.31,3.2514,39.35,25.83,460.4
15,sam,42,3.3620,38.02,3.2491,39.36,25.77,461.5
1,sam,43,3.8816,32.81,3.6876,34.60,39.95,594.1
2,sam,43,3.6705,35.16,3.6341,36.39,37.87,462.7
3,sam,43,3.5364,36.28,3.3723,38.07,29.15,460.0
4,sam,43,3.4251,37.35,3.3040,38.73,27.22,855.8
5,sam,43,3.4619,36.86,3.3037,38.83,27.21,999.4
6,sam,43,3.4127,37.49,3.2793,39.06,26.56,965.8
7,sam,43,3.3965,37.64,3.2827,38.95,26.65,448.1
8,sam,43,3.3711,37.91,3.2729,39.04,26.39,459.8
9,sam,43,3.3782,37.85,3.2831,38.94,26.66,446.7
10,sam,43,3.3662,37.99,3.2749,39.11,26.44,459.7
11,sam,43,3.3483,38.13,3.2673,39.17,26.24,459.1
12,sam,43,3.3603,38.02,3.2706,39.07,26.33,460.2
13,sam,43,3.3435,38.25,3.2553,39.28,25.93,459.4
14,sam,43,3.3375,38.31,3.2515,39.32,25.83,460.1
15,sam,43,3.3639,38.02,3.2479,39.40,25.74,449.2
1,sgd,42,3.8105,33.70,3.6748,35.43,39.44,330.9
2,sgd,42,3.7637,33.93,3.4531,37.91,31.60,248.8
3,sgd,42,3.5603,36.06,3.3538,38.27,28.61,267.8
4,sgd,42,3.4659,36.87,3.3039,38.72,27.22,255.9
5,sgd,42,3.4259,37.30,3.2947,38.83,26.97,269.8
6,sgd,42,3.4069,37.50,3.2872,38.93,26.77,267.0
7,sgd,42,3.3892,37.70,3.2745,39.16,26.43,269.4
8,sgd,42,3.3684,37.93,3.2713,39.18,26.35,269.0
9,sgd,42,3.4324,37.18,3.4017,37.43,30.01,254.8
10,sgd,42,3.3869,37.70,3.2684,39.21,26.27,268.2
11,sgd,42,3.3534,38.08,3.2643,39.20,26.16,268.9
12,sgd,42,3.3574,38.04,3.2994,38.48,27.10,268.6
13,sgd,42,3.3509,38.18,3.2543,39.30,25.90,267.2
14,sgd,42,3.3404,38.30,3.2511,39.35,25.82,269.1
15,sgd,42,3.3616,38.02,3.2487,39.38,25.76,254.1
1,adam,42,3.4461,37.06,3.3211,38.63,27.69,359.6
2,adam,42,3.3890,37.74,3.2938,38.84,26.95,249.8
3,adam,42,3.3848,37.85,3.2920,38.83,26.90,261.7
4,adam,42,3.3655,37.97,3.2764,39.05,26.48,268.3
5,adam,42,3.3774,37.82,3.2695,39.09,26.30,264.4
6,adam,42,3.3740,37.83,3.2719,39.09,26.36,269.0
7,adam,42,3.3598,37.98,3.2552,39.25,25.93,268.8
8,adam,42,3.3340,38.26,3.2585,39.20,26.01,268.9
9,adam,42,3.3402,38.26,3.2576,39.24,25.99,267.8
10,adam,42,3.3370,38.25,3.2515,39.24,25.83,267.4
11,adam,42,3.3229,38.38,3.2509,39.28,25.81,268.0
12,adam,42,3.3295,38.29,3.2451,39.30,25.66,269.3
13,adam,42,3.3218,38.44,3.2324,39.48,25.34,268.6
14,adam,42,3.3005,38.68,3.2148,39.68,24.90,268.2
15,adam,42,3.3118,38.51,3.2024,39.86,24.59,268.9
1,fsam_ortho_muon,43,3.4699,36.82,3.3044,38.81,27.23,475.4
2,fsam_ortho_muon,43,3.3890,37.72,3.2889,38.86,26.81,450.1
3,fsam_ortho_muon,43,3.3788,37.88,3.2785,39.01,26.54,463.5
4,fsam_ortho_muon,43,3.3625,38.03,3.2725,39.07,26.38,457.0
5,fsam_ortho_muon,43,3.3734,37.87,3.2649,39.13,26.18,464.8
6,fsam_ortho_muon,43,3.3684,37.96,3.2591,39.17,26.03,464.6
7,fsam_ortho_muon,43,3.3538,38.09,3.2531,39.23,25.87,463.9
8,fsam_ortho_muon,43,3.3302,38.37,3.2527,39.28,25.86,443.6
9,fsam_ortho_muon,43,3.3377,38.28,3.2503,39.33,25.80,465.0
10,fsam_ortho_muon,43,3.3261,38.40,3.2474,39.32,25.72,465.1
11,fsam_ortho_muon,43,3.3102,38.53,3.2434,39.35,25.62,463.7
12,fsam_ortho_muon,43,3.3216,38.43,3.2420,39.40,25.58,464.1
13,fsam_ortho_muon,43,3.3075,38.61,3.2282,39.54,25.24,465.3
14,fsam_ortho_muon,43,3.2958,38.74,3.2154,39.73,24.91,459.1
15,fsam_ortho_muon,43,3.3172,38.50,3.2073,39.84,24.71,438.3
1,sam,44,3.8760,32.79,3.7961,34.27,44.53,535.6
2,sam,44,3.6929,35.02,3.5309,37.12,34.15,461.6
3,sam,44,3.5506,36.17,3.3604,38.40,28.80,451.0
4,sam,44,3.4399,37.23,3.2889,39.00,26.81,459.7
5,sam,44,3.4251,37.31,3.3011,38.75,27.14,433.8
6,sam,44,3.4181,37.41,3.2902,38.90,26.85,457.2
7,sam,44,3.4040,37.49,3.2751,39.09,26.45,459.5
8,sam,44,3.3948,37.64,3.2850,38.95,26.71,458.8
9,sam,44,3.4042,37.49,3.2692,39.15,26.29,459.5
10,sam,44,3.3643,38.02,3.2669,39.15,26.23,459.4
11,sam,44,3.3500,38.16,3.2744,38.98,26.43,459.8
12,sam,44,3.3557,38.09,3.2676,39.08,26.25,459.2
13,sam,44,3.3445,38.25,3.2552,39.28,25.93,458.8
14,sam,44,3.3421,38.26,3.2508,39.34,25.81,459.5
15,sam,44,3.3563,38.11,3.2489,39.37,25.76,460.0
1,fsam,44,3.8486,33.13,3.4854,36.49,32.64,586.6
2,fsam,44,3.7180,34.96,3.5294,36.71,34.10,458.9
3,fsam,44,3.6214,35.48,3.3339,38.42,28.05,457.0
4,fsam,44,3.4443,37.20,3.3104,38.79,27.40,430.7
5,fsam,44,3.4166,37.45,3.2870,39.00,26.76,459.5
6,fsam,44,3.4178,37.40,3.2847,38.99,26.70,458.7
7,fsam,44,3.4368,37.10,3.2954,38.85,26.99,459.0
8,fsam,44,3.3753,37.93,3.2784,39.08,26.53,459.5
9,fsam,44,3.3890,37.74,3.2744,39.16,26.43,457.8
10,fsam,44,3.3640,38.01,3.2637,39.19,26.15,459.0
11,fsam,44,3.3673,37.88,3.2664,39.14,26.22,448.2
12,fsam,44,3.3536,38.13,3.2717,39.05,26.35,459.1
13,fsam,44,3.3442,38.26,3.2553,39.29,25.93,455.7
14,fsam,44,3.3421,38.26,3.2510,39.34,25.81,458.8
15,fsam,44,3.3563,38.11,3.2488,39.38,25.76,458.6
1,muon_sam,44,3.4850,36.64,3.3067,38.79,27.30,528.5
2,muon_sam,44,3.3876,37.79,3.2912,38.87,26.88,463.7
3,muon_sam,44,3.3774,37.91,3.2796,39.01,26.56,456.5
4,muon_sam,44,3.3674,38.00,3.2726,39.09,26.38,463.0
5,muon_sam,44,3.3719,37.91,3.2659,39.15,26.20,463.6
6,muon_sam,44,3.3732,37.87,3.2619,39.20,26.10,463.8
7,muon_sam,44,3.3485,38.14,3.2559,39.26,25.94,464.2
8,muon_sam,44,3.3400,38.28,3.2538,39.23,25.89,461.4
9,muon_sam,44,3.3509,38.12,3.2515,39.30,25.83,465.1
10,muon_sam,44,3.3279,38.38,3.2470,39.34,25.71,464.0
11,muon_sam,44,3.3118,38.54,3.2472,39.36,25.72,465.1
12,muon_sam,44,3.3170,38.49,3.2431,39.36,25.61,464.8
13,muon_sam,44,3.3101,38.59,3.2319,39.51,25.33,457.4
14,muon_sam,44,3.3012,38.68,3.2178,39.67,24.97,439.9
15,muon_sam,44,3.3088,38.61,3.2102,39.77,24.78,465.7
1,fsam_ortho_muon,44,3.4786,36.72,3.3059,38.79,27.27,574.3
2,fsam_ortho_muon,44,3.3868,37.80,3.2904,38.87,26.85,460.7
3,fsam_ortho_muon,44,3.3769,37.92,3.2788,39.01,26.54,457.6
4,fsam_ortho_muon,44,3.3670,38.00,3.2719,39.09,26.36,530.9
5,fsam_ortho_muon,44,3.3715,37.91,3.2650,39.16,26.18,502.1
6,fsam_ortho_muon,44,3.3728,37.87,3.2606,39.22,26.07,437.4
7,fsam_ortho_muon,44,3.3481,38.14,3.2547,39.28,25.91,464.7
8,fsam_ortho_muon,44,3.3396,38.28,3.2526,39.24,25.86,464.6
9,fsam_ortho_muon,44,3.3505,38.13,3.2504,39.30,25.80,463.1
10,fsam_ortho_muon,44,3.3275,38.38,3.2457,39.34,25.68,463.2
11,fsam_ortho_muon,44,3.3115,38.55,3.2459,39.37,25.68,436.2
12,fsam_ortho_muon,44,3.3167,38.49,3.2420,39.37,25.59,463.7
13,fsam_ortho_muon,44,3.3099,38.60,3.2312,39.51,25.31,465.5
14,fsam_ortho_muon,44,3.3010,38.68,3.2171,39.66,24.96,464.0
15,fsam_ortho_muon,44,3.3088,38.61,3.2097,39.76,24.77,458.3
1,muon,42,3.4727,36.68,3.3068,38.65,27.30,324.9
2,muon,42,3.3869,37.70,3.2958,38.75,27.00,270.8
3,muon,42,3.3860,37.77,3.2864,38.90,26.75,271.3
4,muon,42,3.3679,37.88,3.2811,38.91,26.61,260.0
5,muon,42,3.3809,37.73,3.2711,39.11,26.34,272.3
6,muon,42,3.3748,37.79,3.2625,39.15,26.11,271.3
7,muon,42,3.3626,37.91,3.2584,39.20,26.01,274.0
8,muon,42,3.3352,38.22,3.2598,39.15,26.04,271.9
9,muon,42,3.3409,38.23,3.2562,39.27,25.95,271.6
10,muon,42,3.3376,38.22,3.2530,39.24,25.87,271.6
11,muon,42,3.3230,38.36,3.2506,39.29,25.81,274.7
12,muon,42,3.3286,38.28,3.2443,39.32,25.64,270.1
13,muon,42,3.3227,38.41,3.2348,39.51,25.40,260.7
14,muon,42,3.3064,38.58,3.2213,39.63,25.06,274.5
15,muon,42,3.3243,38.31,3.2131,39.72,24.86,267.9
1,fsam_ortho_muon_stale_momentum,42,3.4753,36.65,3.3044,38.65,27.23,326.7
2,fsam_ortho_muon_stale_momentum,42,3.3870,37.70,3.2942,38.81,26.96,273.4
3,fsam_ortho_muon_stale_momentum,42,3.3857,37.77,3.2862,38.89,26.74,274.3
4,fsam_ortho_muon_stale_momentum,42,3.3666,37.90,3.2777,39.00,26.52,275.3
5,fsam_ortho_muon_stale_momentum,42,3.3794,37.76,3.2694,39.11,26.30,274.4
6,fsam_ortho_muon_stale_momentum,42,3.3745,37.79,3.2636,39.11,26.14,275.7
7,fsam_ortho_muon_stale_momentum,42,3.3624,37.91,3.2569,39.18,25.97,263.1
8,fsam_ortho_muon_stale_momentum,42,3.3345,38.23,3.2585,39.17,26.01,275.0
9,fsam_ortho_muon_stale_momentum,42,3.3403,38.23,3.2546,39.25,25.91,274.2
10,fsam_ortho_muon_stale_momentum,42,3.3376,38.21,3.2523,39.21,25.85,277.3
11,fsam_ortho_muon_stale_momentum,42,3.3225,38.36,3.2490,39.27,25.76,277.9
12,fsam_ortho_muon_stale_momentum,42,3.3277,38.29,3.2434,39.38,25.62,273.5
13,fsam_ortho_muon_stale_momentum,42,3.3217,38.42,3.2342,39.51,25.38,275.4
14,fsam_ortho_muon_stale_momentum,42,3.3054,38.60,3.2196,39.67,25.02,268.7
15,fsam_ortho_muon_stale_momentum,42,3.3225,38.33,3.2107,39.73,24.80,271.2
1,randsam_muon,42,3.4729,36.68,3.3059,38.69,27.27,327.9
2,randsam_muon,42,3.3870,37.70,3.2950,38.82,26.98,270.2
3,randsam_muon,42,3.3856,37.77,3.2857,38.92,26.73,257.9
4,randsam_muon,42,3.3675,37.89,3.2797,38.98,26.57,270.6
5,randsam_muon,42,3.3812,37.73,3.2703,39.11,26.32,270.2
6,randsam_muon,42,3.3752,37.78,3.2649,39.10,26.18,271.2
7,randsam_muon,42,3.3625,37.91,3.2578,39.21,25.99,269.8
8,randsam_muon,42,3.3350,38.22,3.2598,39.17,26.04,272.3
9,randsam_muon,42,3.3409,38.23,3.2559,39.21,25.94,271.3
10,randsam_muon,42,3.3376,38.22,3.2533,39.25,25.88,250.5
11,randsam_muon,42,3.3230,38.36,3.2507,39.28,25.81,269.1
12,randsam_muon,42,3.3287,38.27,3.2448,39.35,25.66,272.3
13,randsam_muon,42,3.3226,38.41,3.2344,39.51,25.39,271.1
14,randsam_muon,42,3.3063,38.58,3.2206,39.61,25.04,272.5
15,randsam_muon,42,3.3242,38.31,3.2132,39.68,24.86,272.2
1,sgd,43,3.8526,32.93,3.5415,36.59,34.52,340.5
2,sgd,43,3.6728,35.06,3.4368,38.01,31.09,264.2
3,sgd,43,3.5583,35.88,3.3676,38.06,29.01,261.4
4,sgd,43,3.4339,37.26,3.2925,38.97,26.91,265.9
5,sgd,43,3.4427,37.09,3.2841,38.99,26.69,251.1
6,sgd,43,3.4113,37.52,3.3311,38.37,27.97,267.8
7,sgd,43,3.4354,37.31,3.2683,39.17,26.27,269.1
8,sgd,43,3.4039,37.52,3.2697,39.14,26.30,269.8
9,sgd,43,3.3762,37.89,3.2927,38.77,26.92,252.5
10,sgd,43,3.3743,37.85,3.2658,39.19,26.20,240.9
11,sgd,43,3.3467,38.17,3.2778,39.18,26.52,268.4
12,sgd,43,3.3603,38.03,3.2664,39.14,26.22,268.5
13,sgd,43,3.3646,37.97,3.2550,39.29,25.92,268.0
14,sgd,43,3.3384,38.30,3.2512,39.35,25.82,270.5
15,sgd,43,3.3646,38.01,3.2484,39.38,25.75,269.4
1,muon,43,3.4686,36.74,3.3030,38.74,27.20,344.2
2,muon,43,3.3915,37.63,3.2937,38.82,26.94,273.5
3,muon,43,3.3846,37.75,3.2821,38.89,26.63,271.6
4,muon,43,3.3701,37.87,3.2768,38.98,26.49,273.3
5,muon,43,3.3821,37.71,3.2732,39.03,26.39,253.3
6,muon,43,3.3776,37.80,3.2658,39.14,26.20,271.8
7,muon,43,3.3627,37.94,3.2598,39.21,26.04,272.4
8,muon,43,3.3392,38.20,3.2594,39.19,26.03,272.9
9,muon,43,3.3469,38.11,3.2560,39.23,25.95,249.9
10,muon,43,3.3348,38.24,3.2544,39.17,25.90,262.0
11,muon,43,3.3189,38.38,3.2506,39.31,25.81,248.1
12,muon,43,3.3304,38.27,3.2480,39.32,25.74,259.9
13,muon,43,3.3152,38.47,3.2347,39.47,25.40,268.7
14,muon,43,3.3048,38.56,3.2215,39.64,25.06,258.1
15,muon,43,3.3269,38.31,3.2120,39.70,24.83,273.2
1,fsam_ortho_muon_stale_momentum,43,3.4715,36.70,3.3040,38.69,27.22,375.2
2,fsam_ortho_muon_stale_momentum,43,3.3918,37.63,3.2914,38.83,26.88,459.8
3,fsam_ortho_muon_stale_momentum,43,3.3836,37.77,3.2830,38.88,26.65,256.8
4,fsam_ortho_muon_stale_momentum,43,3.3690,37.89,3.2767,39.01,26.49,271.3
5,fsam_ortho_muon_stale_momentum,43,3.3818,37.71,3.2698,39.07,26.31,270.6
6,fsam_ortho_muon_stale_momentum,43,3.3765,37.82,3.2649,39.11,26.18,275.3
7,fsam_ortho_muon_stale_momentum,43,3.3621,37.94,3.2586,39.17,26.01,272.0
8,fsam_ortho_muon_stale_momentum,43,3.3389,38.20,3.2585,39.21,26.01,265.9
9,fsam_ortho_muon_stale_momentum,43,3.3464,38.12,3.2554,39.24,25.93,272.1
10,fsam_ortho_muon_stale_momentum,43,3.3342,38.26,3.2538,39.21,25.89,269.9
11,fsam_ortho_muon_stale_momentum,43,3.3183,38.39,3.2500,39.28,25.79,275.2
12,fsam_ortho_muon_stale_momentum,43,3.3297,38.28,3.2477,39.31,25.73,278.0
13,fsam_ortho_muon_stale_momentum,43,3.3150,38.47,3.2333,39.49,25.36,275.4
14,fsam_ortho_muon_stale_momentum,43,3.3036,38.58,3.2205,39.64,25.04,311.3
15,fsam_ortho_muon_stale_momentum,43,3.3245,38.34,3.2100,39.75,24.78,273.6
1,randsam_muon,43,3.4687,36.74,3.3043,38.74,27.23,315.0
2,randsam_muon,43,3.3917,37.63,3.2937,38.78,26.94,268.6
3,randsam_muon,43,3.3842,37.75,3.2831,38.85,26.66,275.2
4,randsam_muon,43,3.3697,37.88,3.2801,38.87,26.58,247.8
5,randsam_muon,43,3.3827,37.70,3.2712,39.11,26.34,268.4
6,randsam_muon,43,3.3776,37.80,3.2658,39.10,26.20,271.9
7,randsam_muon,43,3.3626,37.94,3.2600,39.16,26.05,266.9
8,randsam_muon,43,3.3392,38.20,3.2599,39.18,26.05,273.8
9,randsam_muon,43,3.3470,38.12,3.2560,39.26,25.95,267.0
10,randsam_muon,43,3.3348,38.24,3.2554,39.20,25.93,258.5
11,randsam_muon,43,3.3191,38.38,3.2505,39.27,25.80,264.0
12,randsam_muon,43,3.3306,38.27,3.2487,39.36,25.76,265.5
13,randsam_muon,43,3.3153,38.47,3.2341,39.46,25.38,271.5
14,randsam_muon,43,3.3049,38.56,3.2218,39.58,25.07,270.9
15,randsam_muon,43,3.3272,38.30,3.2128,39.67,24.85,272.5
1,adam,44,3.4498,37.03,3.3086,38.75,27.35,336.5
2,adam,44,3.3910,37.74,3.2902,38.88,26.85,244.8
3,adam,44,3.3813,37.85,3.2793,38.93,26.56,258.3
4,adam,44,3.3731,37.92,3.2752,39.07,26.45,341.9
5,adam,44,3.3783,37.83,3.2683,39.08,26.27,297.9
6,adam,44,3.3808,37.77,3.2633,39.14,26.14,267.8
7,adam,44,3.3546,38.04,3.2631,39.14,26.13,268.5
8,adam,44,3.3469,38.18,3.2580,39.15,26.00,310.1
9,adam,44,3.3596,38.00,3.2563,39.18,25.95,269.9
10,adam,44,3.3353,38.28,3.2502,39.30,25.80,266.9
11,adam,44,3.3201,38.42,3.2534,39.26,25.88,268.5
12,adam,44,3.3261,38.35,3.2513,39.29,25.82,269.9
13,adam,44,3.3171,38.49,3.2378,39.39,25.48,259.5
14,adam,44,3.3037,38.63,3.2151,39.66,24.91,268.9
15,adam,44,3.3062,38.60,3.2036,39.85,24.62,267.8
1,sgd,44,3.8200,33.55,3.7875,31.05,44.14,309.5
2,sgd,44,3.7061,34.58,3.4286,37.92,30.83,268.0
3,sgd,44,3.5137,36.54,3.3187,38.72,27.62,267.7
4,sgd,44,3.4511,37.04,3.3029,38.79,27.19,268.1
5,sgd,44,3.4245,37.37,3.2862,39.01,26.74,252.6
6,sgd,44,3.4122,37.46,3.2759,39.07,26.47,269.0
7,sgd,44,3.4128,37.40,3.2800,39.00,26.58,268.6
8,sgd,44,3.3755,37.92,3.2655,39.19,26.19,269.2
9,sgd,44,3.4104,37.44,3.2770,39.03,26.50,269.5
10,sgd,44,3.3652,38.01,3.2687,39.08,26.28,259.3
11,sgd,44,3.3503,38.14,3.2654,39.17,26.19,269.5
12,sgd,44,3.3552,38.10,3.2664,39.12,26.22,266.0
13,sgd,44,3.3438,38.25,3.2551,39.28,25.92,271.5
14,sgd,44,3.3419,38.26,3.2506,39.36,25.81,270.6
15,sgd,44,3.3561,38.11,3.2487,39.38,25.76,269.0
1,muon,44,3.4764,36.65,3.3097,38.63,27.38,328.4
2,muon,44,3.3893,37.69,3.2917,38.81,26.89,259.9
3,muon,44,3.3815,37.79,3.2814,38.99,26.61,271.4
4,muon,44,3.3744,37.85,3.2788,38.98,26.54,266.6
5,muon,44,3.3794,37.77,3.2715,39.01,26.35,271.6
6,muon,44,3.3812,37.72,3.2666,39.09,26.22,267.0
7,muon,44,3.3573,37.97,3.2619,39.19,26.10,272.3
8,muon,44,3.3484,38.12,3.2592,39.16,26.03,272.9
9,muon,44,3.3597,37.97,3.2563,39.19,25.95,272.1
10,muon,44,3.3364,38.23,3.2516,39.27,25.83,272.6
11,muon,44,3.3203,38.39,3.2524,39.18,25.85,271.2
12,muon,44,3.3257,38.34,3.2486,39.31,25.75,273.8
13,muon,44,3.3181,38.45,3.2355,39.43,25.42,272.5
14,muon,44,3.3094,38.52,3.2220,39.58,25.08,273.2
15,muon,44,3.3180,38.41,3.2141,39.70,24.88,262.2
1,fsam_ortho_muon_stale_momentum,44,3.4794,36.61,3.3050,38.74,27.25,334.6
2,fsam_ortho_muon_stale_momentum,44,3.3890,37.71,3.2924,38.84,26.91,273.8
3,fsam_ortho_muon_stale_momentum,44,3.3818,37.79,3.2834,38.92,26.67,274.3
4,fsam_ortho_muon_stale_momentum,44,3.3735,37.87,3.2769,39.02,26.49,275.5
5,fsam_ortho_muon_stale_momentum,44,3.3789,37.77,3.2711,39.07,26.34,275.5
6,fsam_ortho_muon_stale_momentum,44,3.3808,37.71,3.2656,39.11,26.19,264.3
7,fsam_ortho_muon_stale_momentum,44,3.3562,38.00,3.2614,39.20,26.08,275.1
8,fsam_ortho_muon_stale_momentum,44,3.3482,38.13,3.2577,39.21,25.99,275.4
9,fsam_ortho_muon_stale_momentum,44,3.3590,37.98,3.2562,39.17,25.95,277.4
10,fsam_ortho_muon_stale_momentum,44,3.3356,38.25,3.2505,39.27,25.80,243.6
11,fsam_ortho_muon_stale_momentum,44,3.3195,38.40,3.2511,39.26,25.82,276.0
12,fsam_ortho_muon_stale_momentum,44,3.3247,38.36,3.2466,39.31,25.70,264.2
13,fsam_ortho_muon_stale_momentum,44,3.3176,38.45,3.2346,39.43,25.40,275.9
14,fsam_ortho_muon_stale_momentum,44,3.3083,38.54,3.2220,39.59,25.08,275.0
15,fsam_ortho_muon_stale_momentum,44,3.3161,38.44,3.2109,39.71,24.80,275.7
1,randsam_muon,44,3.4771,36.65,3.3090,38.70,27.36,323.8
2,randsam_muon,44,3.3900,37.68,3.2935,38.79,26.94,271.6
3,randsam_muon,44,3.3819,37.79,3.2829,38.90,26.65,271.9
4,randsam_muon,44,3.3746,37.85,3.2781,38.99,26.52,270.7
5,randsam_muon,44,3.3796,37.76,3.2711,39.03,26.34,273.0
6,randsam_muon,44,3.3814,37.72,3.2661,39.09,26.21,271.7
7,randsam_muon,44,3.3573,37.97,3.2623,39.17,26.11,273.4
8,randsam_muon,44,3.3486,38.12,3.2600,39.13,26.05,272.1
9,randsam_muon,44,3.3599,37.97,3.2568,39.20,25.97,274.2
10,randsam_muon,44,3.3365,38.24,3.2515,39.25,25.83,272.7
11,randsam_muon,44,3.3203,38.39,3.2516,39.26,25.83,276.1
12,randsam_muon,44,3.3255,38.34,3.2480,39.28,25.74,273.3
13,randsam_muon,44,3.3185,38.44,3.2355,39.50,25.42,272.8
14,randsam_muon,44,3.3097,38.51,3.2226,39.58,25.09,272.7
15,randsam_muon,44,3.3181,38.41,3.2133,39.71,24.86,272.8
1,adam,43,3.4439,37.10,3.3050,38.76,27.25,328.5
2,adam,43,3.3947,37.66,3.2947,38.87,26.97,267.6
3,adam,43,3.3832,37.82,3.2789,38.98,26.55,267.6
4,adam,43,3.3670,37.96,3.2834,38.96,26.67,269.2
5,adam,43,3.3793,37.79,3.2719,39.06,26.36,262.0
6,adam,43,3.3745,37.87,3.2643,39.09,26.16,250.3
7,adam,43,3.3604,38.00,3.2574,39.20,25.98,362.8
8,adam,43,3.3378,38.24,3.2605,39.21,26.06,374.0
9,adam,43,3.3476,38.13,3.2590,39.20,26.02,413.1
10,adam,43,3.3340,38.27,3.2534,39.17,25.88,380.5
11,adam,43,3.3183,38.41,3.2523,39.25,25.85,352.0
12,adam,43,3.3309,38.29,3.2509,39.27,25.81,336.6
13,adam,43,3.3138,38.50,3.2335,39.39,25.37,329.8
14,adam,43,3.2987,38.67,3.2137,39.69,24.87,353.4
15,adam,43,3.3145,38.50,3.2018,39.80,24.58,361.2
1,soma_prens5,42,3.4802,36.60,3.3040,38.72,27.22,381.6
2,soma_prens5,42,3.3915,37.66,3.2980,38.70,27.06,288.3
3,soma_prens5,42,3.3891,37.74,3.2859,38.91,26.73,277.0
4,soma_prens5,42,3.3710,37.85,3.2808,38.96,26.60,279.2
5,soma_prens5,42,3.3830,37.72,3.2740,39.07,26.42,280.6
6,soma_prens5,42,3.3777,37.76,3.2664,39.07,26.22,280.0
7,soma_prens5,42,3.3654,37.88,3.2594,39.20,26.03,243.9
8,soma_prens5,42,3.3374,38.20,3.2615,39.23,26.09,271.6
9,soma_prens5,42,3.3431,38.20,3.2568,39.26,25.97,277.7
10,soma_prens5,42,3.3399,38.19,3.2532,39.25,25.87,281.1
11,soma_prens5,42,3.3247,38.33,3.2504,39.34,25.80,275.0
12,soma_prens5,42,3.3300,38.26,3.2433,39.40,25.62,264.4
13,soma_prens5,42,3.3236,38.41,3.2342,39.48,25.39,279.9
14,soma_prens5,42,3.3075,38.58,3.2212,39.63,25.06,274.8
15,soma_prens5,42,3.3241,38.31,3.2118,39.71,24.82,263.9
1,soma_prens5,44,3.4850,36.56,3.3055,38.72,27.26,373.0
2,soma_prens5,44,3.3932,37.66,3.2974,38.76,27.04,285.0
3,soma_prens5,44,3.3858,37.75,3.2830,38.96,26.65,282.9
4,soma_prens5,44,3.3770,37.83,3.2800,38.97,26.58,247.2
5,soma_prens5,44,3.3825,37.73,3.2725,39.01,26.38,282.1
6,soma_prens5,44,3.3836,37.68,3.2673,39.08,26.24,281.4
7,soma_prens5,44,3.3589,37.97,3.2626,39.16,26.12,280.1
8,soma_prens5,44,3.3508,38.11,3.2595,39.14,26.04,280.9
9,soma_prens5,44,3.3614,37.96,3.2555,39.20,25.93,274.6
10,soma_prens5,44,3.3383,38.22,3.2522,39.24,25.85,280.1
11,soma_prens5,44,3.3217,38.38,3.2513,39.29,25.82,251.7
12,soma_prens5,44,3.3269,38.34,3.2457,39.31,25.68,260.6
13,soma_prens5,44,3.3194,38.44,3.2362,39.43,25.44,280.9
14,soma_prens5,44,3.3103,38.52,3.2228,39.53,25.10,282.4
15,soma_prens5,44,3.3180,38.42,3.2124,39.71,24.84,282.4
1,soma_prens5,43,3.4764,36.66,3.3113,38.60,27.42,374.1
2,soma_prens5,43,3.3961,37.59,3.2937,38.79,26.94,284.6
3,soma_prens5,43,3.3875,37.72,3.2824,38.89,26.64,278.5
4,soma_prens5,43,3.3727,37.85,3.2798,38.95,26.57,280.1
5,soma_prens5,43,3.3854,37.67,3.2735,39.04,26.40,259.8
6,soma_prens5,43,3.3794,37.79,3.2648,39.11,26.18,279.7
7,soma_prens5,43,3.3649,37.91,3.2609,39.10,26.07,279.7
8,soma_prens5,43,3.3416,38.18,3.2620,39.18,26.10,278.1
9,soma_prens5,43,3.3490,38.09,3.2547,39.22,25.91,280.3
10,soma_prens5,43,3.3365,38.23,3.2549,39.22,25.92,271.6
11,soma_prens5,43,3.3206,38.37,3.2515,39.27,25.83,273.0
12,soma_prens5,43,3.3314,38.27,3.2498,39.29,25.78,280.1
13,soma_prens5,43,3.3169,38.46,3.2336,39.51,25.37,279.3
14,soma_prens5,43,3.3058,38.56,3.2205,39.67,25.04,279.3
15,soma_prens5,43,3.3264,38.32,3.2113,39.74,24.81,271.8
1,op_soma_postns5,44,3.4779,36.64,3.3061,38.69,27.28,651.1
2,op_soma_postns5,44,3.3907,37.69,3.2952,38.78,26.98,547.9
3,op_soma_postns5,44,3.3838,37.77,3.2833,38.92,26.66,537.8
4,op_soma_postns5,44,3.3757,37.85,3.2795,38.97,26.56,547.7
5,op_soma_postns5,44,3.3813,37.74,3.2719,39.02,26.36,548.5
6,op_soma_postns5,44,3.3818,37.71,3.2660,39.06,26.21,543.0
7,op_soma_postns5,44,3.3576,37.98,3.2609,39.19,26.07,535.5
8,op_soma_postns5,44,3.3495,38.12,3.2594,39.17,26.04,545.7
9,op_soma_postns5,44,3.3604,37.97,3.2556,39.18,25.94,536.8
10,op_soma_postns5,44,3.3370,38.24,3.2518,39.26,25.84,553.2
11,op_soma_postns5,44,3.3205,38.40,3.2531,39.22,25.87,539.7
12,op_soma_postns5,44,3.3258,38.35,3.2467,39.29,25.71,543.9
13,op_soma_postns5,44,3.3186,38.45,3.2351,39.44,25.41,550.1
14,op_soma_postns5,44,3.3097,38.52,3.2213,39.53,25.06,550.1
15,op_soma_postns5,44,3.3178,38.41,3.2122,39.71,24.83,555.3
1,op_soma_postns5,42,3.4743,36.67,3.3065,38.71,27.29,630.1
2,op_soma_postns5,42,3.3887,37.69,3.2938,38.78,26.95,554.4
3,op_soma_postns5,42,3.3871,37.76,3.2841,38.90,26.68,545.8
4,op_soma_postns5,42,3.3690,37.87,3.2780,39.01,26.52,535.9
5,op_soma_postns5,42,3.3816,37.73,3.2714,39.04,26.35,547.7
6,op_soma_postns5,42,3.3765,37.77,3.2641,39.17,26.16,552.1
7,op_soma_postns5,42,3.3638,37.90,3.2581,39.17,26.00,553.8
8,op_soma_postns5,42,3.3361,38.21,3.2594,39.20,26.03,546.3
9,op_soma_postns5,42,3.3418,38.22,3.2565,39.27,25.96,526.4
10,op_soma_postns5,42,3.3388,38.20,3.2534,39.25,25.88,553.9
11,op_soma_postns5,42,3.3238,38.34,3.2496,39.32,25.78,542.0
12,op_soma_postns5,42,3.3289,38.28,3.2445,39.37,25.65,541.1
13,op_soma_postns5,42,3.3225,38.42,3.2358,39.43,25.43,545.5
14,op_soma_postns5,42,3.3067,38.58,3.2208,39.63,25.05,554.0
15,op_soma_postns5,42,3.3239,38.31,3.2116,39.71,24.82,554.5
1,op_soma_postns5,43,3.4710,36.72,3.3060,38.68,27.28,632.2
2,op_soma_postns5,43,3.3933,37.61,3.2927,38.83,26.91,553.5
3,op_soma_postns5,43,3.3860,37.73,3.2828,38.89,26.65,550.5
4,op_soma_postns5,43,3.3713,37.86,3.2802,38.97,26.58,547.0
5,op_soma_postns5,43,3.3842,37.68,3.2717,39.04,26.36,555.7
6,op_soma_postns5,43,3.3788,37.79,3.2640,39.15,26.15,551.5
7,op_soma_postns5,43,3.3636,37.92,3.2599,39.18,26.05,544.5
8,op_soma_postns5,43,3.3405,38.19,3.2587,39.15,26.02,552.0
9,op_soma_postns5,43,3.3476,38.11,3.2544,39.22,25.91,553.2
10,op_soma_postns5,43,3.3352,38.25,3.2540,39.19,25.89,552.7
11,op_soma_postns5,43,3.3196,38.38,3.2485,39.26,25.75,550.9
12,op_soma_postns5,43,3.3307,38.28,3.2476,39.33,25.73,535.1
13,op_soma_postns5,43,3.3159,38.46,3.2339,39.51,25.38,548.9
14,op_soma_postns5,43,3.3048,38.57,3.2217,39.63,25.07,555.0
15,op_soma_postns5,43,3.3264,38.32,3.2114,39.74,24.81,535.2
