variant,label,algorithm,outer,origin,alpha,rho,median,q25,q75,mean_finite,divergence_rate,perturbation,oracle_calls
full-spectral-sam-muon,Full Spectral SAM-Muon,full-spectral-sam-muon,muon,both,1.1,1.0,2.3807320191946046,2.3544168454273313,2.3971240776643743,2.361373184949735,0.0,7.295120390564022,1000
full-spectral-sam-muon,Full Spectral SAM-Muon,full-spectral-sam-muon,muon,both,1.3,0.5,2.131822528101231,2.1059709963659907,2.1647493177808097,2.1376892312982534,0.0,3.6173460569852636,1000
full-spectral-sam-muon,Full Spectral SAM-Muon,full-spectral-sam-muon,muon,both,1.6,0.5,2.0079885835848086,1.9926573121134648,2.019813994163709,2.0032340901559076,0.0,3.5965623078053346,1000
full-spectral-sam-muon,Full Spectral SAM-Muon,full-spectral-sam-muon,muon,both,2.0,0.5,1.9774180920916649,1.9546129619492034,1.9867777360830812,1.9689713791932362,0.0,3.59460250963303,1000
full-spectral-sam-muon,Full Spectral SAM-Muon,full-spectral-sam-muon,muon,both,3.0,0.5,1.9299090798286365,1.9071154555179823,1.9768716217689726,1.9425884915793112,0.0,3.5407683993433183,1000
full-spectral-sam-muon,Full Spectral SAM-Muon,full-spectral-sam-muon,muon,both,inf,0.5,1.9554181693785353,1.9376169377289212,1.9639478597835092,1.9509575513693274,0.0,3.587266290794809,1000
lazy-spectral-sam-muon,Lazy Spectral SAM-Muon (Atlas),lazy-spectral-sam-muon,muon,both,1.1,0.02,2.4866410658756135,2.4733095233981905,2.531189862945066,2.4971964026766758,0.0,0.1433980950905197,501
lazy-spectral-sam-muon,Lazy Spectral SAM-Muon (Atlas),lazy-spectral-sam-muon,muon,both,1.3,0.2,2.2773686753107643,2.2368984938250334,2.316449566975547,2.283625600041432,0.0,1.4523712253195764,501
lazy-spectral-sam-muon,Lazy Spectral SAM-Muon (Atlas),lazy-spectral-sam-muon,muon,both,1.6,0.5,2.16780089212764,2.1216167957787224,2.1855705541479225,2.146528002748748,0.0,3.6419754763288035,501
lazy-spectral-sam-muon,Lazy Spectral SAM-Muon (Atlas),lazy-spectral-sam-muon,muon,both,2.0,0.5,2.1610694561048653,2.113561686721734,2.2150329530384445,2.16258892091361,0.0,3.606304384244515,501
lazy-spectral-sam-muon,Lazy Spectral SAM-Muon (Atlas),lazy-spectral-sam-muon,muon,both,3.0,0.5,2.2462990002904752,2.2224520876409923,2.2715655405062,2.2617061012075794,0.0,3.6336100275143144,501
lazy-spectral-sam-muon,Lazy Spectral SAM-Muon (Atlas),lazy-spectral-sam-muon,muon,both,inf,0.5,2.260050372372512,2.2182794059789446,2.274612379237985,2.2443156142401337,0.0,3.639565787164532,501
random-spectral-sam-muon,Random Spectral SAM-Muon,random-spectral-sam-muon,muon,mnist,1.1,1.0,2.4452920833140315,2.4063519863341973,2.467329192092652,2.432348250059661,0.0,6.906035001019508,500
random-spectral-sam-muon,Random Spectral SAM-Muon,random-spectral-sam-muon,muon,mnist,1.3,1.0,2.2075416542924478,2.171807948716528,2.264650697345229,2.2178925732548436,0.0,6.803680193824642,500
random-spectral-sam-muon,Random Spectral SAM-Muon,random-spectral-sam-muon,muon,mnist,1.6,1.0,2.1441464635105385,2.114487939234156,2.2324864099893684,2.165978299391976,0.0,6.905891099948601,500
random-spectral-sam-muon,Random Spectral SAM-Muon,random-spectral-sam-muon,muon,mnist,2.0,1.0,2.2400505367272237,2.2163398334826936,2.259556369787022,2.2236864579358637,0.0,6.897420498139903,500
random-spectral-sam-muon,Random Spectral SAM-Muon,random-spectral-sam-muon,muon,mnist,3.0,1.0,2.3376905113759086,2.2971516924459094,2.399825228150841,2.346936729861158,0.0,6.879457285016921,500
random-spectral-sam-muon,Random Spectral SAM-Muon,random-spectral-sam-muon,muon,mnist,inf,1.0,2.345225388494004,2.319058489896754,2.392653715908869,2.340336660019768,0.0,6.87949556934057,500
spectral-friendly-sam-muon,Spectral Friendly SAM-Muon,spectral-friendly-sam-muon,muon,both,1.1,1.0,2.3392219255817506,2.3213922112764425,2.3574970270707514,2.3266286952157182,0.0,7.3324595467875895,1000
spectral-friendly-sam-muon,Spectral Friendly SAM-Muon,spectral-friendly-sam-muon,muon,both,1.3,1.0,2.120049138229012,2.0952829788513645,2.13740402182157,2.123524026698476,0.0,7.2787648716944595,1000
spectral-friendly-sam-muon,Spectral Friendly SAM-Muon,spectral-friendly-sam-muon,muon,both,1.6,0.5,2.0066887610324047,1.9970702264714213,2.023721245806833,2.007615553512852,0.0,3.5968172407167205,1000
spectral-friendly-sam-muon,Spectral Friendly SAM-Muon,spectral-friendly-sam-muon,muon,both,2.0,0.5,2.002226388169582,1.95984619108995,2.0137799159427576,1.9882835913567567,0.0,3.590183876160545,1000
spectral-friendly-sam-muon,Spectral Friendly SAM-Muon,spectral-friendly-sam-muon,muon,both,3.0,0.5,1.961404679340101,1.9236496360525108,1.9977513623070395,1.9633180297447743,0.0,3.540754232823794,1000
spectral-friendly-sam-muon,Spectral Friendly SAM-Muon,spectral-friendly-sam-muon,muon,both,inf,0.5,1.985993292892677,1.935978891277452,2.013368384935542,1.9760613225417372,0.0,3.5781031385076343,1000
spectral-friendly-sam-sgd,Spectral Friendly SAM + SGD,spectral-friendly-sam-sgd,sgd,atlas_opt,1.1,1.0,425.0490221124787,410.44810242219484,470.4452841446053,439.166614255084,0.0,7.2011731792021,1000
spectral-friendly-sam-sgd,Spectral Friendly SAM + SGD,spectral-friendly-sam-sgd,sgd,atlas_opt,1.3,1.0,167.8363497173938,146.58193995173417,177.44578941204935,164.1325123044179,0.0,7.241283765680183,1000
spectral-friendly-sam-sgd,Spectral Friendly SAM + SGD,spectral-friendly-sam-sgd,sgd,atlas_opt,1.6,1.0,11.15697736501069,10.132095734938456,14.70542812962708,12.438838381493454,0.0,7.21062226630314,1000
spectral-friendly-sam-sgd,Spectral Friendly SAM + SGD,spectral-friendly-sam-sgd,sgd,atlas_opt,2.0,1.0,2.4351470297097553,2.329701863969478,2.4805072536404333,2.4321467592961032,0.0,7.219763002726599,1000
spectral-friendly-sam-sgd,Spectral Friendly SAM + SGD,spectral-friendly-sam-sgd,sgd,atlas_opt,3.0,1.0,2.284792560768386,2.2666149355870835,2.3109354811731553,2.285044258839042,0.0,7.1031702816824485,1000
spectral-friendly-sam-sgd,Spectral Friendly SAM + SGD,spectral-friendly-sam-sgd,sgd,atlas_opt,inf,1.0,2.269306656821023,2.250403663010811,2.271654187861769,2.261276423944516,0.0,7.161050418227,1000
spectral-sam-sgd,Spectral SAM + SGD,spectral-sam-sgd,sgd,added,1.1,1.0,422.8992826389541,403.1740491703531,440.5015779743014,430.2047180219904,0.0,7.231998189881843,1000
spectral-sam-sgd,Spectral SAM + SGD,spectral-sam-sgd,sgd,added,1.3,1.0,151.5717406009006,131.1799371533943,173.58165493323722,156.35069180040114,0.0,7.239582700700339,1000
spectral-sam-sgd,Spectral SAM + SGD,spectral-sam-sgd,sgd,added,1.6,1.0,9.497056174909527,8.984851448416432,12.033100632338297,11.30280768781434,0.0,7.206462587309396,1000
spectral-sam-sgd,Spectral SAM + SGD,spectral-sam-sgd,sgd,added,2.0,1.0,2.394916485387523,2.363279739490511,2.4617371874772456,2.40377742800969,0.0,7.164797633779468,1000
spectral-sam-sgd,Spectral SAM + SGD,spectral-sam-sgd,sgd,added,3.0,1.0,2.4431208263450874,2.4115033982448613,2.4548938920744234,2.4331113281789816,0.0,7.134236063699569,1000
spectral-sam-sgd,Spectral SAM + SGD,spectral-sam-sgd,sgd,added,inf,1.0,2.36311632355158,2.341803767735883,2.3915720672418272,2.368108017375913,0.0,7.215528636186905,1000
stale-friendly-spectral-sam-muon,Stale Friendly Spectral SAM-Muon,stale-friendly-spectral-sam-muon,muon,mnist,1.1,1.0,2.4011091058378966,2.3702743853275448,2.418868470196877,2.392466552583259,0.0,7.160386978448738,501
stale-friendly-spectral-sam-muon,Stale Friendly Spectral SAM-Muon,stale-friendly-spectral-sam-muon,muon,mnist,1.3,1.0,2.182637788008843,2.150817183752337,2.211447144747524,2.182430373514136,0.0,7.237742522052731,501
stale-friendly-spectral-sam-muon,Stale Friendly Spectral SAM-Muon,stale-friendly-spectral-sam-muon,muon,mnist,1.6,1.0,2.0884259992374465,2.078048819806367,2.1302298837618827,2.0998647912177852,0.0,7.236567759682551,501
stale-friendly-spectral-sam-muon,Stale Friendly Spectral SAM-Muon,stale-friendly-spectral-sam-muon,muon,mnist,2.0,1.0,2.0837898466360487,2.0261545568881916,2.102025888365195,2.0600575666925067,0.0,7.132096730255544,501
stale-friendly-spectral-sam-muon,Stale Friendly Spectral SAM-Muon,stale-friendly-spectral-sam-muon,muon,mnist,3.0,1.0,2.0850875138017217,2.064109005406655,2.1010586378378555,2.0859585515666623,0.0,7.164930878082595,501
stale-friendly-spectral-sam-muon,Stale Friendly Spectral SAM-Muon,stale-friendly-spectral-sam-muon,muon,mnist,inf,1.0,2.082083200004459,2.0583894067483754,2.0934955824717854,2.0717839053659506,0.0,7.143415702943425,501
stale-grad-spectral-sam-muon,Stale-Gradient Spectral SAM-Muon,stale-grad-spectral-sam-muon,muon,added,1.1,1.0,2.438836302894064,2.393355402396697,2.465470540969974,2.42995113700157,0.0,7.227635930721581,501
stale-grad-spectral-sam-muon,Stale-Gradient Spectral SAM-Muon,stale-grad-spectral-sam-muon,muon,added,1.3,0.5,2.2164599917261443,2.1904275731385763,2.2501394202172387,2.2172152463016306,0.0,3.622977473414484,501
stale-grad-spectral-sam-muon,Stale-Gradient Spectral SAM-Muon,stale-grad-spectral-sam-muon,muon,added,1.6,0.5,2.1115796701638887,2.0921101783640452,2.1811846401736763,2.131450890222388,0.0,3.6083965319705524,501
stale-grad-spectral-sam-muon,Stale-Gradient Spectral SAM-Muon,stale-grad-spectral-sam-muon,muon,added,2.0,1.0,2.1318538793079016,2.1056429154377447,2.1676388716579895,2.135058552081751,0.0,7.145382549079386,501
stale-grad-spectral-sam-muon,Stale-Gradient Spectral SAM-Muon,stale-grad-spectral-sam-muon,muon,added,3.0,1.0,2.099427173054587,2.0936089952969974,2.1635588492175746,2.130365413936213,0.0,7.156925760586832,501
stale-grad-spectral-sam-muon,Stale-Gradient Spectral SAM-Muon,stale-grad-spectral-sam-muon,muon,added,inf,1.0,2.1025058351482104,2.071670851172694,2.1202024758209195,2.097780022562631,0.0,7.1859054039300005,501
stale-momentum-friendly-spectral-sam-muon,Stale Momentum-Friendly Spectral SAM-Muon,stale-momentum-friendly-spectral-sam-muon,muon,mnist,1.1,1.0,2.386841676304855,2.361196606483788,2.403699883873392,2.380760977693149,0.0,7.146149270779933,501
stale-momentum-friendly-spectral-sam-muon,Stale Momentum-Friendly Spectral SAM-Muon,stale-momentum-friendly-spectral-sam-muon,muon,mnist,1.3,1.0,2.1824520078068748,2.145283561869568,2.210244554418321,2.180445664959702,0.0,7.263925840705808,501
stale-momentum-friendly-spectral-sam-muon,Stale Momentum-Friendly Spectral SAM-Muon,stale-momentum-friendly-spectral-sam-muon,muon,mnist,1.6,1.0,2.0904150992431836,2.0460508421156867,2.1123415528764222,2.0844742182400458,0.0,7.20908808812707,501
stale-momentum-friendly-spectral-sam-muon,Stale Momentum-Friendly Spectral SAM-Muon,stale-momentum-friendly-spectral-sam-muon,muon,mnist,2.0,1.0,2.0507984647867588,2.03014449241597,2.072265328751935,2.044083934896949,0.0,7.209691110523865,501
stale-momentum-friendly-spectral-sam-muon,Stale Momentum-Friendly Spectral SAM-Muon,stale-momentum-friendly-spectral-sam-muon,muon,mnist,3.0,1.0,2.0798493981941384,2.052100153680633,2.102117470570262,2.070544039063686,0.0,7.133599025929864,501
stale-momentum-friendly-spectral-sam-muon,Stale Momentum-Friendly Spectral SAM-Muon,stale-momentum-friendly-spectral-sam-muon,muon,mnist,inf,1.0,2.034932409473778,2.0255313535399964,2.081940084390027,2.048292764516411,0.0,7.150068937710872,501
muon,Muon,muon,muon,both,1.1,,2.485520356608026,2.4717679680280895,2.529171868777136,2.495982929270391,0.0,0.0,500
muon,Muon,muon,muon,both,1.3,,2.3047593183823283,2.2423453665856194,2.3418557598189262,2.300200087554387,0.0,0.0,500
muon,Muon,muon,muon,both,1.6,,2.3570653373357713,2.314878483641505,2.403991492866862,2.3564088447371967,0.0,0.0,500
muon,Muon,muon,muon,both,2.0,,2.5140353626143694,2.4826015527141103,2.5246275932738795,2.497530088023475,0.0,0.0,500
muon,Muon,muon,muon,both,3.0,,2.755954762333357,2.6908732004411924,2.82092773548285,2.7788696395331636,0.0,0.0,500
muon,Muon,muon,muon,both,inf,,2.714073359744281,2.649224229908316,2.738972495753808,2.704723764366371,0.0,0.0,500
sgd,SGD,sgd,sgd,both,1.1,,523.0772822698177,492.2057948708731,540.216272072098,520.0678329414347,0.0,0.0,500
sgd,SGD,sgd,sgd,both,1.3,,313.16699060871554,278.97594300495405,325.24760954322767,297.3531082195741,0.0,0.0,500
sgd,SGD,sgd,sgd,both,1.6,,55.07877643766977,46.77729802236013,61.62429139666401,56.16980316410584,0.0,0.0,500
sgd,SGD,sgd,sgd,both,2.0,,10.711261051421658,10.23292644004926,11.895024926036825,11.391280352225845,0.0,0.0,500
sgd,SGD,sgd,sgd,both,3.0,,5.040793465379281,4.89235564923456,5.142749396936539,5.073910221311939,0.0,0.0,500
sgd,SGD,sgd,sgd,both,inf,,5.245421110837674,5.109327932956053,5.406249865292705,5.292021732363175,0.0,0.0,500
