model,optimizer,stage,value,selected,metric,score,val_perplexity,still_on_grid_edge
nanogpt,sam,rho,0.000948683,False,val_loss,3.2879,26.79,
nanogpt,sam,rho,0.003,True,val_loss,3.2837,26.67,False
nanogpt,sam,rho,0.01,False,val_loss,3.285,26.71,
nanogpt,sam,rho,0.03,False,val_loss,3.2911,26.87,
nanogpt,sam,rho,0.1,False,val_loss,3.3139,27.49,
nanogpt,sam,rho,0.3,False,val_loss,3.3827,29.45,
nanogpt,fsam,rho,0.0003,False,val_loss,3.2885,26.80,
nanogpt,fsam,rho,0.000948683,True,val_loss,3.2847,26.70,False
nanogpt,fsam,rho,0.003,False,val_loss,3.2849,26.71,
nanogpt,fsam,rho,0.01,False,val_loss,3.2856,26.73,
nanogpt,fsam,rho,0.03,False,val_loss,3.2922,26.90,
nanogpt,fsam,rho,0.1,False,val_loss,3.3125,27.45,
nanogpt,fsam,rho,0.3,False,val_loss,7.7345,2285.85,
nanogpt,muon_sam,rho,0.003,False,val_loss,3.2668,26.23,
nanogpt,muon_sam,rho,0.01,True,val_loss,3.2661,26.21,False
nanogpt,muon_sam,rho,0.03,False,val_loss,3.2811,26.61,
nanogpt,muon_sam,rho,0.1,False,val_loss,3.3601,28.79,
nanogpt,muon_sam,rho,0.3,False,val_loss,3.7218,41.34,
nanogpt,fsam_ortho_muon,rho,0.003,False,val_loss,3.2664,26.22,
nanogpt,fsam_ortho_muon,rho,0.01,True,val_loss,3.2658,26.20,False
nanogpt,fsam_ortho_muon,rho,0.03,False,val_loss,3.283,26.66,
nanogpt,fsam_ortho_muon,rho,0.1,False,val_loss,3.4055,30.13,
nanogpt,fsam_ortho_muon,rho,0.3,False,val_loss,4.0833,59.34,
nanogpt,fsam_ortho_muon_stale_momentum,rho,0.0003,True,val_loss,3.267,26.23,True
nanogpt,fsam_ortho_muon_stale_momentum,rho,0.000948683,False,val_loss,3.267,26.23,
nanogpt,fsam_ortho_muon_stale_momentum,rho,0.003,False,val_loss,3.2674,26.24,
nanogpt,fsam_ortho_muon_stale_momentum,rho,0.01,False,val_loss,3.2804,26.59,
nanogpt,fsam_ortho_muon_stale_momentum,rho,0.03,False,val_loss,3.4145,30.40,
nanogpt,fsam_ortho_muon_stale_momentum,rho,0.1,False,val_loss,5.0961,163.38,
nanogpt,fsam_ortho_muon_stale_momentum,rho,0.3,False,val_loss,6.9282,1020.61,
nanogpt,randsam_muon,rho,0.003,False,val_loss,3.2673,26.24,
nanogpt,randsam_muon,rho,0.01,True,val_loss,3.2671,26.24,False
nanogpt,randsam_muon,rho,0.03,False,val_loss,3.2679,26.26,
nanogpt,randsam_muon,rho,0.1,False,val_loss,3.2673,26.24,
nanogpt,randsam_muon,rho,0.3,False,val_loss,3.2678,26.25,
pythia70m,sam,rho,0.0003,True,val_loss,3.7122,40.94,True
pythia70m,sam,rho,0.000948683,False,val_loss,3.7148,41.05,
pythia70m,sam,rho,0.003,False,val_loss,3.7207,41.29,
pythia70m,sam,rho,0.01,False,val_loss,3.7371,41.98,
pythia70m,sam,rho,0.03,False,val_loss,3.772,43.47,
pythia70m,sam,rho,0.1,False,val_loss,3.8593,47.43,
pythia70m,sam,rho,0.3,False,val_loss,4.305,74.07,
pythia70m,fsam,rho,0.0003,True,val_loss,3.7123,40.95,True
pythia70m,fsam,rho,0.000948683,False,val_loss,3.7149,41.05,
pythia70m,fsam,rho,0.003,False,val_loss,3.721,41.31,
pythia70m,fsam,rho,0.01,False,val_loss,3.7394,42.07,
pythia70m,fsam,rho,0.03,False,val_loss,3.8476,46.88,
pythia70m,fsam,rho,0.1,False,val_loss,4.495,89.57,
pythia70m,fsam,rho,0.3,False,val_loss,5.6143,274.33,
pythia70m,muon_sam,rho,0.0003,True,val_loss,3.644,38.24,True
pythia70m,muon_sam,rho,0.000948683,False,val_loss,3.6449,38.28,
pythia70m,muon_sam,rho,0.003,False,val_loss,3.6541,38.63,
pythia70m,muon_sam,rho,0.01,False,val_loss,3.7007,40.47,
pythia70m,muon_sam,rho,0.03,False,val_loss,3.8667,47.78,
pythia70m,muon_sam,rho,0.1,False,val_loss,4.6735,107.07,
pythia70m,muon_sam,rho,0.3,False,val_loss,6.6731,790.83,
pythia70m,fsam_ortho_muon,rho,0.0003,True,val_loss,3.6432,38.21,True
pythia70m,fsam_ortho_muon,rho,0.000948683,False,val_loss,3.645,38.28,
pythia70m,fsam_ortho_muon,rho,0.003,False,val_loss,3.6564,38.72,
pythia70m,fsam_ortho_muon,rho,0.01,False,val_loss,3.716,41.10,
pythia70m,fsam_ortho_muon,rho,0.03,False,val_loss,4.0911,59.81,
pythia70m,fsam_ortho_muon,rho,0.1,False,val_loss,7.0443,1146.27,
pythia70m,fsam_ortho_muon,rho,0.3,False,val_loss,11.5345,22026.47,
pythia70m,fsam_ortho_muon_stale_momentum,rho,0.0003,True,val_loss,3.6446,38.27,True
pythia70m,fsam_ortho_muon_stale_momentum,rho,0.000948683,False,val_loss,3.6503,38.49,
pythia70m,fsam_ortho_muon_stale_momentum,rho,0.003,False,val_loss,3.6964,40.30,
pythia70m,fsam_ortho_muon_stale_momentum,rho,0.01,False,val_loss,4.2483,69.99,
pythia70m,fsam_ortho_muon_stale_momentum,rho,0.03,False,val_loss,6.4016,602.80,
pythia70m,fsam_ortho_muon_stale_momentum,rho,0.1,False,val_loss,8.1957,3625.48,
pythia70m,fsam_ortho_muon_stale_momentum,rho,0.3,False,val_loss,14.1349,22026.47,
pythia70m,randsam_muon,rho,0.0003,False,val_loss,3.6441,38.25,
pythia70m,randsam_muon,rho,0.000948683,True,val_loss,3.644,38.25,False
pythia70m,randsam_muon,rho,0.003,False,val_loss,3.644,38.25,
pythia70m,randsam_muon,rho,0.01,False,val_loss,3.6446,38.27,
pythia70m,randsam_muon,rho,0.03,False,val_loss,3.6451,38.29,
pythia70m,randsam_muon,rho,0.1,False,val_loss,3.6443,38.25,
pythia70m,randsam_muon,rho,0.3,False,val_loss,3.6449,38.28,
cifar10,sam,rho,0.000948683,False,val_accuracy,84.76,,
cifar10,sam,rho,0.003,True,val_accuracy,84.96,,False
cifar10,sam,rho,0.01,False,val_accuracy,84.66,,
cifar10,sam,rho,0.03,False,val_accuracy,84.42,,
cifar10,sam,rho,0.1,False,val_accuracy,82.82,,
cifar10,sam,rho,0.3,False,val_accuracy,79.12,,
cifar10,fsam,rho,0.0003,False,val_accuracy,84.46,,
cifar10,fsam,rho,0.000948683,True,val_accuracy,84.82,,False
cifar10,fsam,rho,0.003,False,val_accuracy,84.8,,
cifar10,fsam,rho,0.01,False,val_accuracy,84.24,,
cifar10,fsam,rho,0.03,False,val_accuracy,84.26,,
cifar10,fsam,rho,0.1,False,val_accuracy,83.46,,
cifar10,fsam,rho,0.3,False,val_accuracy,79.58,,
cifar10,muon_sam,rho,0.003,False,val_accuracy,87.68,,
cifar10,muon_sam,rho,0.01,True,val_accuracy,87.74,,False
cifar10,muon_sam,rho,0.03,False,val_accuracy,87.38,,
cifar10,muon_sam,rho,0.1,False,val_accuracy,82.54,,
cifar10,muon_sam,rho,0.3,False,val_accuracy,61.18,,
cifar10,fsam_ortho_muon,rho,0.003,False,val_accuracy,87.6,,
cifar10,fsam_ortho_muon,rho,0.01,True,val_accuracy,87.68,,False
cifar10,fsam_ortho_muon,rho,0.03,False,val_accuracy,87.22,,
cifar10,fsam_ortho_muon,rho,0.1,False,val_accuracy,83.44,,
cifar10,fsam_ortho_muon,rho,0.3,False,val_accuracy,68.5,,
cifar10,fsam_ortho_muon_stale_momentum,rho,0.000948683,False,val_accuracy,87.84,,
cifar10,fsam_ortho_muon_stale_momentum,rho,0.003,True,val_accuracy,87.98,,False
cifar10,fsam_ortho_muon_stale_momentum,rho,0.01,False,val_accuracy,87.04,,
cifar10,fsam_ortho_muon_stale_momentum,rho,0.03,False,val_accuracy,87.06,,
cifar10,fsam_ortho_muon_stale_momentum,rho,0.1,False,val_accuracy,82.58,,
cifar10,fsam_ortho_muon_stale_momentum,rho,0.3,False,val_accuracy,52.46,,
cifar10,randsam_muon,rho,0.003,False,val_accuracy,87.74,,
cifar10,randsam_muon,rho,0.01,False,val_accuracy,87.34,,
cifar10,randsam_muon,rho,0.03,False,val_accuracy,86.98,,
cifar10,randsam_muon,rho,0.1,True,val_accuracy,87.76,,False
cifar10,randsam_muon,rho,0.3,False,val_accuracy,87.54,,
