depth,algorithm,variant,label,frobenius_mode,outer,source,geometry,origin,alpha,rho,rho_units,lr,noise_model,noise_scale,loss_type,F_star,seed,diverged,death_step,steps,oracle_calls,final_objective,final_gap,final_excess_risk,final_dist_to_opt,final_grad_norm,final_perturbation_frob,final_perturbation_op,final_update_frob,final_sharpness_gap,final_balancedness,final_effective_rank,final_lambda_max,final_train_acc,final_val_acc,final_val_loss
2,adam,adam,AdamW,,adam,,,requested,1.1,nan,nominal,0.003,additive,1.0,nn_ce,2.2504740078131276,0,0,-1,500,500,1.731119459678159,-0.5193545481349686,nan,nan,0.36176170785522965,0.0,0.0,11.609950600974523,0.0,nan,22.98852902928903,nan,0.533203125,0.408203125,2.288378031668813
2,adam,adam,AdamW,,adam,,,requested,1.1,nan,nominal,0.003,additive,1.0,nn_ce,2.2504740078131276,1,0,-1,500,500,1.6995871974051913,-0.5508868104079363,nan,nan,0.3521183998207971,0.0,0.0,11.441055139286407,0.0,nan,22.881685221467144,nan,0.5234375,0.404296875,2.267194601067133
2,adam,adam,AdamW,,adam,,,requested,1.1,nan,nominal,0.003,additive,1.0,nn_ce,2.2504740078131276,2,0,-1,500,500,1.6990049069710782,-0.5514691008420494,nan,nan,0.3670722652441096,0.0,0.0,12.704028325531485,0.0,nan,22.980982547224965,nan,0.517578125,0.3984375,2.2768934634535047
2,adam,adam,AdamW,,adam,,,requested,1.1,nan,nominal,0.003,additive,1.0,nn_ce,2.2504740078131276,3,0,-1,500,500,1.7075917589161418,-0.5428822488969858,nan,nan,0.3555909640822208,0.0,0.0,12.253243935777329,0.0,nan,22.602584433579022,nan,0.521484375,0.4140625,2.2434946152315978
2,adam,adam,AdamW,,adam,,,requested,1.1,nan,nominal,0.003,additive,1.0,nn_ce,2.2504740078131276,4,0,-1,500,500,1.7283982046065995,-0.522075803206528,nan,nan,0.3715622133869459,0.0,0.0,12.757053056952572,0.0,nan,22.945972793005584,nan,0.521484375,0.392578125,2.3017542210436677
2,adam,adam,AdamW,,adam,,,requested,1.1,nan,nominal,0.003,additive,1.0,nn_ce,2.2504740078131276,5,0,-1,500,500,1.7033940441971929,-0.5470799636159347,nan,nan,0.3499450172272886,0.0,0.0,12.197347393736067,0.0,nan,22.973198092321372,nan,0.533203125,0.412109375,2.2750890259604373
2,adam,adam,AdamW,,adam,,,requested,1.1,nan,nominal,0.003,additive,1.0,nn_ce,2.2504740078131276,6,0,-1,500,500,1.7214517999264671,-0.5290222078866604,nan,nan,0.35922930660018937,0.0,0.0,11.856164271259072,0.0,nan,23.102189733205275,nan,0.525390625,0.42578125,2.235602591092219
2,adam,adam,AdamW,,adam,,,requested,1.1,nan,nominal,0.003,additive,1.0,nn_ce,2.2504740078131276,7,0,-1,500,500,1.7270090820469637,-0.5234649257661639,nan,nan,0.36130527080145236,0.0,0.0,12.727770964460623,0.0,nan,22.999938875073735,nan,0.521484375,0.404296875,2.2811838678937946
2,adam,adam,AdamW,,adam,,,requested,1.3,nan,nominal,0.003,additive,1.0,nn_ce,2.2504740078131276,0,0,-1,500,500,1.4178495314957469,-0.8326244763173807,nan,nan,0.29427792597587116,0.0,0.0,13.08773207045514,0.0,nan,22.730714068227208,nan,0.58203125,0.419921875,2.1189406785939897
2,adam,adam,AdamW,,adam,,,requested,1.3,nan,nominal,0.003,additive,1.0,nn_ce,2.2504740078131276,1,0,-1,500,500,1.4236235727058681,-0.8268504351072594,nan,nan,0.29984691009236514,0.0,0.0,12.665469578290658,0.0,nan,22.378248354873193,nan,0.5625,0.408203125,2.1185743088023368
2,adam,adam,AdamW,,adam,,,requested,1.3,nan,nominal,0.003,additive,1.0,nn_ce,2.2504740078131276,2,0,-1,500,500,1.4407999881746816,-0.809674019638446,nan,nan,0.29700799234577435,0.0,0.0,13.257713918449937,0.0,nan,22.667096892596582,nan,0.5859375,0.416015625,2.10699880634665
2,adam,adam,AdamW,,adam,,,requested,1.3,nan,nominal,0.003,additive,1.0,nn_ce,2.2504740078131276,3,0,-1,500,500,1.4230308603438906,-0.827443147469237,nan,nan,0.2980076171702639,0.0,0.0,12.038044704972709,0.0,nan,22.35328657161487,nan,0.583984375,0.421875,2.14472849760959
2,adam,adam,AdamW,,adam,,,requested,1.3,nan,nominal,0.003,additive,1.0,nn_ce,2.2504740078131276,4,0,-1,500,500,1.3854316870913563,-0.8650423207217712,nan,nan,0.28925082534516705,0.0,0.0,12.780337477463105,0.0,nan,22.053629148745163,nan,0.603515625,0.40234375,2.124030388688676
2,adam,adam,AdamW,,adam,,,requested,1.3,nan,nominal,0.003,additive,1.0,nn_ce,2.2504740078131276,5,0,-1,500,500,1.4422030435803388,-0.8082709642327888,nan,nan,0.29834364883892045,0.0,0.0,11.922004565069576,0.0,nan,22.679040957006517,nan,0.583984375,0.423828125,2.1198216253710225
2,adam,adam,AdamW,,adam,,,requested,1.3,nan,nominal,0.003,additive,1.0,nn_ce,2.2504740078131276,6,0,-1,500,500,1.4182246208502378,-0.8322493869628897,nan,nan,0.29087442956738513,0.0,0.0,12.377705810936156,0.0,nan,22.345043623408188,nan,0.59765625,0.4140625,2.1190087397451767
2,adam,adam,AdamW,,adam,,,requested,1.3,nan,nominal,0.003,additive,1.0,nn_ce,2.2504740078131276,7,0,-1,500,500,1.447059916100632,-0.8034140917124957,nan,nan,0.3011635669749814,0.0,0.0,12.904248676865947,0.0,nan,23.125363880850543,nan,0.591796875,0.421875,2.1333495300129997
2,adam,adam,AdamW,,adam,,,requested,1.6,nan,nominal,0.003,additive,1.0,nn_ce,2.2504740078131276,0,0,-1,500,500,1.169926257597452,-1.0805477502156755,nan,nan,0.24097063479072742,0.0,0.0,13.371274610885113,0.0,nan,21.843810059844124,nan,0.671875,0.421875,2.0296549797983827
2,adam,adam,AdamW,,adam,,,requested,1.6,nan,nominal,0.003,additive,1.0,nn_ce,2.2504740078131276,1,0,-1,500,500,1.1480433165203574,-1.1024306912927702,nan,nan,0.2411300396809092,0.0,0.0,13.072826101109149,0.0,nan,21.966587067432226,nan,0.67578125,0.435546875,1.9841433913445998
2,adam,adam,AdamW,,adam,,,requested,1.6,nan,nominal,0.003,additive,1.0,nn_ce,2.2504740078131276,2,0,-1,500,500,1.1744103212855372,-1.0760636865275903,nan,nan,0.2412864920721235,0.0,0.0,12.865812354738324,0.0,nan,21.778812350702147,nan,0.669921875,0.427734375,2.045465847806436
2,adam,adam,AdamW,,adam,,,requested,1.6,nan,nominal,0.003,additive,1.0,nn_ce,2.2504740078131276,3,0,-1,500,500,1.1815070512789836,-1.068966956534144,nan,nan,0.2451747557282382,0.0,0.0,13.102577620645354,0.0,nan,22.232539841013747,nan,0.6484375,0.4375,2.022617175864078
2,adam,adam,AdamW,,adam,,,requested,1.6,nan,nominal,0.003,additive,1.0,nn_ce,2.2504740078131276,4,0,-1,500,500,1.1823172295736801,-1.0681567782394474,nan,nan,0.24148615965045314,0.0,0.0,12.535897984448132,0.0,nan,21.923056666121628,nan,0.685546875,0.431640625,2.027930545280453
2,adam,adam,AdamW,,adam,,,requested,1.6,nan,nominal,0.003,additive,1.0,nn_ce,2.2504740078131276,5,0,-1,500,500,1.1642618360154078,-1.0862121717977198,nan,nan,0.2402401736355397,0.0,0.0,13.413717801213055,0.0,nan,22.02764644108059,nan,0.66796875,0.423828125,2.060993878166631
2,adam,adam,AdamW,,adam,,,requested,1.6,nan,nominal,0.003,additive,1.0,nn_ce,2.2504740078131276,6,0,-1,500,500,1.181415218949473,-1.0690587888636545,nan,nan,0.24385664142400437,0.0,0.0,13.17655478301329,0.0,nan,22.222330218680302,nan,0.66796875,0.421875,2.0481228803810465
2,adam,adam,AdamW,,adam,,,requested,1.6,nan,nominal,0.003,additive,1.0,nn_ce,2.2504740078131276,7,0,-1,500,500,1.1372534384494766,-1.113220569363651,nan,nan,0.24409907481818852,0.0,0.0,12.71782327725612,0.0,nan,22.112254624513593,nan,0.677734375,0.435546875,2.0089282468341265
2,adam,adam,AdamW,,adam,,,requested,2.0,nan,nominal,0.003,additive,1.0,nn_ce,2.2504740078131276,0,0,-1,500,500,0.9619262488981997,-1.288547758914928,nan,nan,0.20867934761119367,0.0,0.0,13.907337670136517,0.0,nan,21.85567700366594,nan,0.744140625,0.439453125,1.9589893783571517
2,adam,adam,AdamW,,adam,,,requested,2.0,nan,nominal,0.003,additive,1.0,nn_ce,2.2504740078131276,1,0,-1,500,500,0.973713004012686,-1.2767610038004416,nan,nan,0.21322700445804552,0.0,0.0,13.912257218372803,0.0,nan,22.004431890953768,nan,0.736328125,0.453125,1.9546873253719381
2,adam,adam,AdamW,,adam,,,requested,2.0,nan,nominal,0.003,additive,1.0,nn_ce,2.2504740078131276,2,0,-1,500,500,0.9884560375512733,-1.2620179702618541,nan,nan,0.212448257995465,0.0,0.0,12.928066650401533,0.0,nan,21.83571407272761,nan,0.7421875,0.4375,1.9927555288552825
2,adam,adam,AdamW,,adam,,,requested,2.0,nan,nominal,0.003,additive,1.0,nn_ce,2.2504740078131276,3,0,-1,500,500,0.9887738890906546,-1.261700118722473,nan,nan,0.21621378217614262,0.0,0.0,13.544158281596003,0.0,nan,22.095347501613805,nan,0.724609375,0.451171875,1.9684324491328145
2,adam,adam,AdamW,,adam,,,requested,2.0,nan,nominal,0.003,additive,1.0,nn_ce,2.2504740078131276,4,0,-1,500,500,0.9620855590308567,-1.2883884487822708,nan,nan,0.2069880618060199,0.0,0.0,13.85587103816215,0.0,nan,21.654218668302267,nan,0.736328125,0.453125,1.9599329294662147
2,adam,adam,AdamW,,adam,,,requested,2.0,nan,nominal,0.003,additive,1.0,nn_ce,2.2504740078131276,5,0,-1,500,500,0.9809899999140013,-1.2694840078991263,nan,nan,0.21371634455229122,0.0,0.0,13.287438374647095,0.0,nan,21.89352290271343,nan,0.732421875,0.4375,1.9658814615267248
2,adam,adam,AdamW,,adam,,,requested,2.0,nan,nominal,0.003,additive,1.0,nn_ce,2.2504740078131276,6,0,-1,500,500,0.9742847719189371,-1.2761892358941904,nan,nan,0.20722117805354448,0.0,0.0,13.848437054405602,0.0,nan,21.98897286244643,nan,0.724609375,0.435546875,1.9826778126466584
2,adam,adam,AdamW,,adam,,,requested,2.0,nan,nominal,0.003,additive,1.0,nn_ce,2.2504740078131276,7,0,-1,500,500,0.9727380326417263,-1.2777359751714013,nan,nan,0.20834990681619525,0.0,0.0,13.10187859037173,0.0,nan,21.567266698444374,nan,0.740234375,0.443359375,1.9871430846569198
2,adam,adam,AdamW,,adam,,,requested,3.0,nan,nominal,0.003,additive,1.0,nn_ce,2.2504740078131276,0,0,-1,500,500,0.8272709832531003,-1.4232030245600273,nan,nan,0.18679435398405225,0.0,0.0,13.818226694093058,0.0,nan,21.940346276052406,nan,0.78515625,0.462890625,1.9622966119982164
2,adam,adam,AdamW,,adam,,,requested,3.0,nan,nominal,0.003,additive,1.0,nn_ce,2.2504740078131276,1,0,-1,500,500,0.8054181923151704,-1.4450558154979571,nan,nan,0.18712470064767855,0.0,0.0,14.003393510286068,0.0,nan,21.5086863081553,nan,0.7890625,0.455078125,1.947351234051252
2,adam,adam,AdamW,,adam,,,requested,3.0,nan,nominal,0.003,additive,1.0,nn_ce,2.2504740078131276,2,0,-1,500,500,0.8373881478247069,-1.4130858599884206,nan,nan,0.19027411958167453,0.0,0.0,13.707712299457835,0.0,nan,21.568217021832123,nan,0.783203125,0.470703125,1.9358143556221492
2,adam,adam,AdamW,,adam,,,requested,3.0,nan,nominal,0.003,additive,1.0,nn_ce,2.2504740078131276,3,0,-1,500,500,0.824552011937127,-1.4259219958760005,nan,nan,0.19006281389390325,0.0,0.0,13.966642368501368,0.0,nan,21.360722242718804,nan,0.787109375,0.455078125,1.9198467314780765
2,adam,adam,AdamW,,adam,,,requested,3.0,nan,nominal,0.003,additive,1.0,nn_ce,2.2504740078131276,4,0,-1,500,500,0.8073313881198163,-1.4431426196933113,nan,nan,0.18834511956930494,0.0,0.0,14.12868379410973,0.0,nan,21.741840077097542,nan,0.787109375,0.4609375,1.9494967136045744
2,adam,adam,AdamW,,adam,,,requested,3.0,nan,nominal,0.003,additive,1.0,nn_ce,2.2504740078131276,5,0,-1,500,500,0.8155667846935853,-1.4349072231195423,nan,nan,0.1883364906525943,0.0,0.0,13.758399667091131,0.0,nan,21.692654664119114,nan,0.783203125,0.44921875,1.944508889283611
2,adam,adam,AdamW,,adam,,,requested,3.0,nan,nominal,0.003,additive,1.0,nn_ce,2.2504740078131276,6,0,-1,500,500,0.81762499919809,-1.4328490086150376,nan,nan,0.18668951127094535,0.0,0.0,13.55048886617773,0.0,nan,21.285750618243267,nan,0.796875,0.462890625,1.9340557795974336
2,adam,adam,AdamW,,adam,,,requested,3.0,nan,nominal,0.003,additive,1.0,nn_ce,2.2504740078131276,7,0,-1,500,500,0.8132610249674221,-1.4372129828457054,nan,nan,0.1837355869726799,0.0,0.0,13.857707636352378,0.0,nan,21.575532310190937,nan,0.791015625,0.451171875,1.9426303661566562
2,adam,adam,AdamW,,adam,,,requested,inf,nan,nominal,0.003,additive,1.0,nn_ce,2.2504740078131276,0,0,-1,500,500,0.8546578427100125,-1.3958161651031151,nan,nan,0.1899171429521709,0.0,0.0,13.821616169185496,0.0,nan,21.342926183656207,nan,0.78125,0.451171875,1.9662512676227504
2,adam,adam,AdamW,,adam,,,requested,inf,nan,nominal,0.003,additive,1.0,nn_ce,2.2504740078131276,1,0,-1,500,500,0.8552592580934462,-1.3952147497196814,nan,nan,0.1926583876530007,0.0,0.0,13.516590940089898,0.0,nan,21.45009393018389,nan,0.78125,0.455078125,1.9371453710030029
2,adam,adam,AdamW,,adam,,,requested,inf,nan,nominal,0.003,additive,1.0,nn_ce,2.2504740078131276,2,0,-1,500,500,0.8538731272076943,-1.3966008806054333,nan,nan,0.19114960487056173,0.0,0.0,14.347249242167837,0.0,nan,21.558043400894423,nan,0.779296875,0.451171875,1.9473275058049437
2,adam,adam,AdamW,,adam,,,requested,inf,nan,nominal,0.003,additive,1.0,nn_ce,2.2504740078131276,3,0,-1,500,500,0.8795973398733659,-1.3708766679397617,nan,nan,0.19565289133823813,0.0,0.0,13.732058057216197,0.0,nan,21.287360596406227,nan,0.78125,0.44921875,1.952768771013135
2,adam,adam,AdamW,,adam,,,requested,inf,nan,nominal,0.003,additive,1.0,nn_ce,2.2504740078131276,4,0,-1,500,500,0.8727531027512097,-1.377720905061918,nan,nan,0.18913216319111584,0.0,0.0,13.90022812570971,0.0,nan,21.590426322651194,nan,0.78125,0.45703125,1.9424360502950027
2,adam,adam,AdamW,,adam,,,requested,inf,nan,nominal,0.003,additive,1.0,nn_ce,2.2504740078131276,5,0,-1,500,500,0.8442045928444999,-1.4062694149686277,nan,nan,0.19458806711611612,0.0,0.0,14.378804190471943,0.0,nan,21.450305953007827,nan,0.791015625,0.443359375,1.9652901960932654
2,adam,adam,AdamW,,adam,,,requested,inf,nan,nominal,0.003,additive,1.0,nn_ce,2.2504740078131276,6,0,-1,500,500,0.875812974471904,-1.3746610333412237,nan,nan,0.19671252875204193,0.0,0.0,14.282504663994027,0.0,nan,21.697771575641823,nan,0.779296875,0.443359375,1.9692236037359314
2,adam,adam,AdamW,,adam,,,requested,inf,nan,nominal,0.003,additive,1.0,nn_ce,2.2504740078131276,7,0,-1,500,500,0.8629519905938298,-1.3875220172192977,nan,nan,0.19278855715165696,0.0,0.0,13.77144900737031,0.0,nan,21.45591609562361,nan,0.77734375,0.443359375,1.9649595790648258
