epoch,optimizer,train_loss,train_accuracy,val_loss,val_accuracy,time_s,step,val_perplexity
1,atlas,11.0974,0.0,10.9574,0.0,298.1,100.0,
2,atlas,10.3281,3.87,9.4789,9.15,296.2,200.0,
3,atlas,7.936,11.28,7.169,12.94,296.4,300.0,
4,atlas,6.7863,13.4,6.5453,14.35,297.3,400.0,
5,atlas,6.3498,14.75,6.2313,15.35,298.5,500.0,
6,atlas,6.0773,15.72,5.9815,16.12,297.4,600.0,
7,atlas,5.8374,16.6,5.7291,17.29,297.8,700.0,
8,atlas,5.5803,18.05,5.4614,18.82,298.1,800.0,
9,atlas,5.29,20.04,5.1577,21.02,298.2,900.0,
10,atlas,5.0095,22.17,4.8952,23.09,298.4,1000.0,
11,atlas,4.7693,24.2,4.6717,24.96,297.2,1100.0,
12,atlas,4.5636,26.06,4.4714,26.9,297.1,1200.0,
13,atlas,4.3861,27.79,4.3099,28.46,296.9,1300.0,
14,atlas,4.2337,29.34,4.1612,30.06,297.0,1400.0,
1,atlas_raw,11.0117,0.0,10.9574,0.0,301.3,100.0,
2,atlas_raw,10.2277,5.11,9.4263,9.43,296.9,200.0,
3,atlas_raw,7.8594,11.68,7.1088,13.44,296.5,300.0,
4,atlas_raw,6.7035,14.16,6.4703,14.76,295.7,400.0,
5,atlas_raw,6.2482,15.51,6.1224,16.15,297.2,500.0,
6,atlas_raw,5.9427,16.76,5.8215,17.42,297.3,600.0,
7,atlas_raw,5.6217,18.71,5.4686,19.76,296.8,700.0,
8,atlas_raw,5.2705,21.11,5.1246,22.12,297.2,800.0,
9,atlas_raw,4.9687,23.33,4.8473,24.22,296.9,900.0,
10,atlas_raw,4.723,25.27,4.6231,26.04,296.0,1000.0,
11,atlas_raw,4.517,27.08,4.4282,27.85,296.3,1100.0,
12,atlas_raw,4.3411,28.77,4.2661,29.47,296.9,1200.0,
13,atlas_raw,4.1967,30.16,4.1361,30.74,295.1,1300.0,
14,atlas_raw,4.0775,31.29,4.024,31.73,296.2,1400.0,
1,atlas_random,10.9917,0.0,10.9574,0.0,299.4,100.0,
2,atlas_random,10.2007,5.24,9.408,9.39,295.8,200.0,
3,atlas_random,7.8351,11.85,7.0952,13.55,295.9,300.0,
4,atlas_random,6.6787,14.33,6.4479,14.95,299.0,400.0,
5,atlas_random,6.2245,15.7,6.1018,16.25,297.5,500.0,
6,atlas_random,5.9077,17.06,5.7745,17.95,297.1,600.0,
7,atlas_random,5.5574,19.39,5.3925,20.52,296.1,700.0,
8,atlas_random,5.2018,21.77,5.0638,22.72,296.5,800.0,
9,atlas_random,4.9142,23.86,4.8033,24.68,296.2,900.0,
10,atlas_random,4.6809,25.72,4.5838,26.51,296.7,1000.0,
11,atlas_random,4.4827,27.5,4.3975,28.3,296.5,1100.0,
12,atlas_random,4.314,29.12,4.2428,29.7,296.6,1200.0,
13,atlas_random,4.1761,30.42,4.116,30.91,296.2,1300.0,
14,atlas_random,4.0635,31.47,4.0107,31.91,296.5,1400.0,
1,adam,10.9548,0.0,10.9574,0.0,294.1,100.0,
2,adam,9.6132,6.69,8.9314,8.17,292.5,200.0,
3,adam,7.9305,9.48,7.3809,11.4,292.8,300.0,
4,adam,7.0124,13.25,6.7875,14.5,294.8,400.0,
5,adam,6.5472,15.61,6.4208,16.16,292.9,500.0,
6,adam,6.2611,17.03,6.17,17.55,293.8,600.0,
7,adam,6.0079,18.48,5.9305,18.9,292.3,700.0,
8,adam,5.8136,19.42,5.7375,19.77,293.5,800.0,
9,adam,5.6126,20.35,5.5432,20.6,292.9,900.0,
10,adam,5.4384,21.15,5.3805,21.39,292.5,1000.0,
11,adam,5.2929,21.87,5.2512,22.05,293.9,1100.0,
12,adam,5.1715,22.51,5.1263,22.73,292.4,1200.0,
13,adam,5.0537,23.19,5.0156,23.32,294.1,1300.0,
14,adam,4.9518,23.79,4.9156,23.91,292.8,1400.0,
1,muon,10.9548,0.0,10.9574,0.0,296.1,100.0,22026.47
2,muon,10.1926,4.84,9.4456,8.75,296.6,200.0,12652.99
3,muon,7.82,11.59,7.0521,13.76,296.2,300.0,1155.23
4,muon,6.6265,14.63,6.4064,15.19,295.0,400.0,605.7
5,muon,6.18,15.96,6.055,16.48,294.8,500.0,426.26
6,muon,5.8559,17.48,5.7095,18.49,294.9,600.0,301.71
7,muon,5.4905,19.93,5.3339,20.99,294.6,700.0,207.25
8,muon,5.159,22.13,5.0325,23.0,295.2,800.0,153.31
9,muon,4.8951,24.01,4.7872,24.78,294.6,900.0,119.96
10,muon,4.674,25.8,4.5784,26.58,294.6,1000.0,97.36
11,muon,4.4783,27.65,4.3951,28.34,297.2,1100.0,81.06
12,muon,4.3142,29.21,4.2439,29.8,294.8,1200.0,69.68
13,muon,4.1804,30.46,4.1213,30.97,295.1,1300.0,61.64
14,muon,4.069,31.48,4.0169,31.87,295.9,1400.0,55.53
1,muon_sam,10.9548,0.0,10.9574,0.0,522.3,100.0,22026.47
2,muon_sam,10.6995,0.27,10.4422,1.29,522.4,200.0,22026.47
3,muon_sam,9.4676,5.97,8.5894,7.85,520.4,300.0,5374.23
4,muon_sam,7.6127,10.81,7.1421,13.11,520.4,400.0,1264.13
5,muon_sam,6.7628,14.06,6.5504,14.53,520.9,500.0,699.5
6,muon_sam,6.3408,15.19,6.2443,15.58,520.0,600.0,515.06
7,muon_sam,6.0977,16.05,6.032,16.26,524.1,700.0,416.53
8,muon_sam,5.9054,16.59,5.8481,16.69,521.0,800.0,346.56
9,muon_sam,5.7352,17.09,5.6828,17.24,521.2,900.0,293.76
10,muon_sam,5.5783,17.74,5.522,18.06,520.9,1000.0,250.13
11,muon_sam,5.4075,18.88,5.3264,19.57,523.5,1100.0,205.69
12,muon_sam,5.1979,20.54,5.1109,21.15,535.9,1200.0,165.82
13,muon_sam,4.9981,22.1,4.9237,22.65,522.4,1300.0,137.51
14,muon_sam,4.828,23.48,4.7622,23.97,521.8,1400.0,117.0
1,muon_sam_frob,10.9548,0.0,10.9574,0.0,,100.0,
2,muon_sam_frob,10.4956,5.92,10.0765,10.68,,200.0,
3,muon_sam_frob,9.3626,12.05,8.843,12.91,,300.0,
4,muon_sam_frob,8.326,13.74,7.9771,14.2,,400.0,
5,muon_sam_frob,7.6126,14.83,7.3625,15.15,,500.0,
6,muon_sam_frob,7.0562,15.83,6.8453,16.26,,600.0,
7,muon_sam_frob,6.5866,16.84,6.4068,17.28,,700.0,
8,muon_sam_frob,6.1762,18.0,6.0126,18.59,,800.0,
9,muon_sam_frob,5.7882,19.68,5.6181,20.57,,900.0,
10,muon_sam_frob,5.4188,21.65,5.279,22.31,,1000.0,
11,muon_sam_frob,5.1171,23.31,5.009,23.86,,1100.0,
12,muon_sam_frob,4.8731,24.78,4.7831,25.2,,1200.0,
13,muon_sam_frob,4.6698,26.15,4.5921,26.55,,1300.0,
14,muon_sam_frob,4.4951,27.45,4.4271,27.94,,1400.0,
1,muon_sam_stale,10.9622,0.0,10.9574,0.0,,100.0,
2,muon_sam_stale,10.5017,5.86,10.0774,10.68,,200.0,
3,muon_sam_stale,9.3639,12.05,8.8413,12.91,,300.0,
4,muon_sam_stale,8.3251,13.74,7.9755,14.21,,400.0,
5,muon_sam_stale,7.6104,14.83,7.359,15.22,,500.0,
6,muon_sam_stale,7.053,15.85,6.8413,16.27,,600.0,
7,muon_sam_stale,6.5818,16.88,6.4004,17.35,,700.0,
8,muon_sam_stale,6.1665,18.13,5.9972,18.79,,800.0,
9,muon_sam_stale,5.7649,19.94,5.591,20.84,,900.0,
10,muon_sam_stale,5.3915,21.92,5.2543,22.51,,1000.0,
11,muon_sam_stale,5.0911,23.57,4.9824,24.14,,1100.0,
12,muon_sam_stale,4.8481,25.04,4.7606,25.46,,1200.0,
13,muon_sam_stale,4.6461,26.4,4.5711,26.9,,1300.0,
14,muon_sam_stale,4.4722,27.73,4.4056,28.16,,1400.0,
1,sgd,10.9548,0.0,10.9574,0.0,,100.0,
2,sgd,10.3639,3.42,9.7065,4.44,,200.0,
3,sgd,9.105,6.41,8.7637,7.65,,300.0,
4,sgd,8.5519,7.71,8.4374,8.08,,400.0,
5,sgd,8.329,8.11,8.27,8.4,,500.0,
6,sgd,8.1881,8.47,8.1496,8.78,,600.0,
7,sgd,8.0788,8.78,8.0502,9.0,,700.0,
8,sgd,7.9846,9.04,7.9618,9.34,,800.0,
9,sgd,7.901,9.44,7.883,9.68,,900.0,
10,sgd,7.8252,9.76,7.8108,9.93,,1000.0,
11,sgd,7.7526,10.11,7.7399,10.26,,1100.0,
12,sgd,7.683,10.45,7.6722,10.6,,1200.0,
13,sgd,7.5984,10.89,7.5672,11.03,,1300.0,
14,sgd,7.4629,11.42,7.4197,11.54,,1400.0,
