model,dataset,domain,optimizer,reference,tau,lr,ft_loss,pt_loss,pt_loss_base,delta_pt,ref_lr,ref_delta_pt,reduction,delta_norm,ref_delta_norm,sharpness,ref_sharpness,lr_at_grid_edge
pythia70m_s44,codeparrot,far,sgd,adam,2.1932015167057166,1e-06,2.1889889039638692,3.6356001142886285,3.6312716907717713,0.004328423516857249,5.62e-05,0.8307167583249089,0.9947895314817228,0.12957057258780483,3.740869622169983,0.5156404606023605,0.11872380932666937,True
pythia70m_s44,codeparrot,far,muon,adam,2.23049688992435,5.62e-05,2.23049688992435,4.359418159828261,3.514651990916631,0.8447661689116295,1.78e-05,0.38142587620684765,-1.2147584146952628,3.79750177597194,1.7787895799674438,0.11715761911839803,0.24109654942271252,False
pythia70m_s44,codeparrot,far,sam,sgd,2.1515761970773837,1e-05,2.150852524371063,3.820804999065959,3.6324881723482316,0.18831682671772754,1e-05,0.1864258342526428,-0.010143403529159434,1.0314935457979724,1.024731863078114,0.35398600577309186,0.3550713326178627,False
pythia70m_s44,codeparrot,far,sam,adam,2.1932015167057166,1e-06,2.1881086793664384,3.6370670706791888,3.6324881723482316,0.0045788983309571485,5.62e-05,0.8307167583249089,0.9944880149761391,0.12979741195626057,3.740869622169983,0.5435743185572294,0.11872380932666937,True
pythia70m_s44,codeparrot,far,fsam,sgd,2.1516593589708064,1e-05,2.1516593589708064,3.8181612346970173,3.632438738052159,0.1857224966448583,1e-05,0.1864258342526428,0.003772747541155419,1.0213130272377002,1.024731863078114,0.35610392932377555,0.3550713326178627,False
pythia70m_s44,codeparrot,far,fsam,adam,2.1932015167057166,1e-06,2.188166903889576,3.637337679032477,3.632438738052159,0.004898940980317956,5.62e-05,0.8307167583249089,0.9941027541201933,0.13000902250188806,3.740869622169983,0.5796758627538392,0.11872380932666937,True
pythia70m_s44,codeparrot,far,muon_sam,muon,2.23049688992435,5.62e-05,2.229715813862601,4.360809960710559,3.516389600451445,0.8444203602591136,5.62e-05,0.8447661689116295,0.000409354286715069,3.792379207863226,3.79750177597194,0.11742624629679314,0.11715761911839803,False
pythia70m_s44,codeparrot,far,muon_sam,adam,2.229715813862601,5.62e-05,2.229715813862601,4.360809960710559,3.516389600451445,0.8444203602591136,1.78e-05,0.38142587620684765,-1.213851793844169,3.792379207863226,1.7787895799674438,0.11742624629679314,0.24109654942271252,False
pythia70m_s44,codeparrot,far,fsam_ortho_muon,muon,2.23049688992435,5.62e-05,2.230096895400792,4.360727075028093,3.5154415100754592,0.8452855649526336,5.62e-05,0.8447661689116295,-0.0006148400114949215,3.797436014245066,3.79750177597194,0.11723371257152279,0.11715761911839803,False
pythia70m_s44,codeparrot,far,fsam_ortho_muon,adam,2.230096895400792,5.62e-05,2.230096895400792,4.360727075028093,3.5154415100754592,0.8452855649526336,1.78e-05,0.38142587620684765,-1.2161201367844128,3.797436014245066,1.7787895799674438,0.11723371257152279,0.24109654942271252,False
pythia70m_s44,codeparrot,far,fsam_ortho_muon_stale_momentum,muon,2.23049688992435,5.62e-05,2.230474244358488,4.355915446570708,3.5170139491908006,0.8389014973799074,5.62e-05,0.8447661689116295,0.006942360794677582,3.783015009261851,3.79750177597194,0.11723703774650449,0.11715761911839803,False
pythia70m_s44,codeparrot,far,fsam_ortho_muon_stale_momentum,adam,2.230474244358488,5.62e-05,2.230474244358488,4.355915446570708,3.5170139491908006,0.8389014973799074,1.78e-05,0.38142587620684765,-1.1993827627074003,3.783015009261851,1.7787895799674438,0.11723703774650449,0.24109654942271252,False
pythia70m_s44,codeparrot,far,randsam_muon,muon,2.23049688992435,5.62e-05,2.2302645554514546,4.362304903989669,3.5142166227277243,0.8480882812619446,5.62e-05,0.8447661689116295,-0.0039325821423403795,3.8138064329603845,3.79750177597194,0.11661482475826163,0.11715761911839803,False
pythia70m_s44,codeparrot,far,randsam_muon,adam,2.2302645554514546,5.62e-05,2.2302645554514546,4.362304903989669,3.5142166227277243,0.8480882812619446,1.78e-05,0.38142587620684765,-1.2234681340864912,3.8138064329603845,1.7787895799674438,0.11661482475826163,0.24109654942271252,False
pythia70m_s44,codeparrot,far,soma_prens5,muon,2.23049688992435,5.62e-05,2.229944300045006,4.360583128061314,3.5159606597661504,0.8446224682951633,5.62e-05,0.8447661689116295,0.00017010697368635697,3.8041926598628573,3.79750177597194,0.1167260043103749,0.11715761911839803,False
pythia70m_s44,codeparrot,far,soma_prens5,adam,2.229944300045006,5.62e-05,2.229944300045006,4.360583128061314,3.5159606597661504,0.8446224682951633,1.78e-05,0.38142587620684765,-1.2143816688438926,3.8041926598628573,1.7787895799674438,0.1167260043103749,0.24109654942271252,False
pythia70m_s44,codeparrot,far,op_soma_postns5,muon,2.230754135639467,5.62e-05,2.230754135639467,4.364037926183054,3.5148952357223124,0.849142690460742,5.62e-05,0.8447661689116295,-0.005180749076103552,3.8077557412449488,3.79750177597194,0.11713117715579473,0.11715761911839803,False
pythia70m_s44,codeparrot,far,op_soma_postns5,adam,2.230754135639467,5.62e-05,2.230754135639467,4.364037926183054,3.5148952357223124,0.849142690460742,1.78e-05,0.38142587620684765,-1.2262325223059882,3.8077557412449488,1.7787895799674438,0.11713117715579473,0.24109654942271252,False
pythia70m_s44,stackmathqa,math,sgd,adam,2.4403070796959088,3.16e-05,2.4403070796959088,4.180223692653231,3.6312716907717713,0.5489520018814593,5.62e-05,0.7906320053070721,0.3056795093081859,2.420317725095123,3.701397809013372,0.18742158491648755,0.11541781795562721,False
pythia70m_s44,stackmathqa,math,muon,adam,2.4591505121578208,0.0001,2.4591505121578208,4.452416145638244,3.514651990916631,0.9377641547216129,1.78e-05,0.38869779403895555,-1.4125790501080888,4.905112323573254,1.8382833944869732,0.07795172139793166,0.2300473014840551,False
pythia70m_s44,stackmathqa,math,sam,sgd,2.4412498623424312,3.16e-05,2.4412498623424312,4.182134766401377,3.6324881723482316,0.549646594053145,3.16e-05,0.5489520018814593,-0.001265305836038566,2.428084069815124,2.420317725095123,0.18646017931269127,0.18742158491648755,False
pythia70m_s44,stackmathqa,math,sam,adam,2.4412498623424312,3.16e-05,2.4412498623424312,4.182134766401377,3.6324881723482316,0.549646594053145,5.62e-05,0.7906320053070721,0.3048009815392323,2.428084069815124,3.701397809013372,0.18646017931269127,0.11541781795562721,False
pythia70m_s44,stackmathqa,math,fsam,sgd,2.4403070796959088,5.62e-05,2.439692876110338,4.39358079316798,3.632438738052159,0.7611420551158212,3.16e-05,0.5489520018814593,-0.386536623433577,3.4664735839559517,2.420317725095123,0.12668346225669108,0.18742158491648755,False
pythia70m_s44,stackmathqa,math,fsam,adam,2.439692876110338,5.62e-05,2.439692876110338,4.39358079316798,3.632438738052159,0.7611420551158212,5.62e-05,0.7906320053070721,0.03729921125542768,3.4664735839559517,3.701397809013372,0.12668346225669108,0.11541781795562721,False
pythia70m_s44,stackmathqa,math,muon_sam,muon,2.4591715639118115,0.0001,2.4591715639118115,4.494432087280512,3.516389600451445,0.9780424868290671,0.0001,0.9377641547216129,-0.04295145203050699,4.999278507237726,4.905112323573254,0.07826598465324922,0.07795172139793166,False
pythia70m_s44,stackmathqa,math,muon_sam,adam,2.4591715639118115,0.0001,2.4591715639118115,4.494432087280512,3.516389600451445,0.9780424868290671,1.78e-05,0.38869779403895555,-1.5162028234486122,4.999278507237726,1.8382833944869732,0.07826598465324922,0.2300473014840551,False
pythia70m_s44,stackmathqa,math,fsam_ortho_muon,muon,2.4591505121578208,0.0001,2.4589015863646266,4.479947913182925,3.5154415100754592,0.9645064031074657,0.0001,0.9377641547216129,-0.02851702984295823,4.9723218453864515,4.905112323573254,0.0780219225405926,0.07795172139793166,False
pythia70m_s44,stackmathqa,math,fsam_ortho_muon,adam,2.4589015863646266,0.0001,2.4589015863646266,4.479947913182925,3.5154415100754592,0.9645064031074657,1.78e-05,0.38869779403895555,-1.481378638878517,4.9723218453864515,1.8382833944869732,0.0780219225405926,0.2300473014840551,False
pythia70m_s44,stackmathqa,math,fsam_ortho_muon_stale_momentum,muon,2.4591505121578208,0.0001,2.4576562631386834,4.496321310502442,3.5170139491908006,0.9793073613116419,0.0001,0.9377641547216129,-0.04430027142843995,4.995446400721129,4.905112323573254,0.07848748402684176,0.07795172139793166,False
pythia70m_s44,stackmathqa,math,fsam_ortho_muon_stale_momentum,adam,2.4576562631386834,0.0001,2.4576562631386834,4.496321310502442,3.5170139491908006,0.9793073613116419,3.16e-05,0.5840418194138137,-0.6767760950654955,4.995446400721129,2.6780125800181147,0.07848748402684176,0.16287285728993245,False
pythia70m_s44,stackmathqa,math,randsam_muon,muon,2.4591505121578208,0.0001,2.458878138293959,4.463904774585582,3.5142166227277243,0.9496881518578575,0.0001,0.9377641547216129,-0.01271534753829906,4.955269763940532,4.905112323573254,0.07735286624943154,0.07795172139793166,False
pythia70m_s44,stackmathqa,math,randsam_muon,adam,2.458878138293959,0.0001,2.458878138293959,4.463904774585582,3.5142166227277243,0.9496881518578575,1.78e-05,0.38869779403895555,-1.4432558311938326,4.955269763940532,1.8382833944869732,0.07735286624943154,0.2300473014840551,False
pythia70m_s44,stackmathqa,math,soma_prens5,muon,2.4591505121578208,0.0001,2.45819114192358,4.4946976454523915,3.5159606597661504,0.9787369856862411,0.0001,0.9377641547216129,-0.04369204213909361,5.026176953623201,4.905112323573254,0.07748550128090588,0.07795172139793166,False
pythia70m_s44,stackmathqa,math,soma_prens5,adam,2.45819114192358,0.0001,2.45819114192358,4.4946976454523915,3.5159606597661504,0.9787369856862411,3.16e-05,0.5840418194138137,-0.6757994944070473,5.026176953623201,2.6780125800181147,0.07748550128090588,0.16287285728993245,False
pythia70m_s44,stackmathqa,math,op_soma_postns5,muon,2.4591505121578208,0.0001,2.4575743852529506,4.483270447314835,3.5148952357223124,0.9683752115925226,0.0001,0.9377641547216129,-0.03264259645325951,4.98524135906715,4.905112323573254,0.07792939071029854,0.07795172139793166,False
pythia70m_s44,stackmathqa,math,op_soma_postns5,adam,2.4575743852529506,0.0001,2.4575743852529506,4.483270447314835,3.5148952357223124,0.9683752115925226,3.16e-05,0.5840418194138137,-0.6580580009911849,4.98524135906715,2.6780125800181147,0.07792939071029854,0.16287285728993245,False
pythia70m_s44,musicpile,far,sgd,adam,3.3791351094404547,5.62e-05,3.3791351094404547,3.861877986363002,3.6312716907717713,0.23060629559123091,3.16e-05,0.15881322274702647,-0.4520597945333784,3.0242948938806564,2.084898025622977,0.05042580994985559,0.07307133104144227,False
pythia70m_s44,musicpile,far,muon,adam,3.3693787487052425,5.62e-05,3.3693787487052425,3.7309470465971764,3.514651990916631,0.2162950556805452,3.16e-05,0.15881322274702647,-0.36194613986948365,3.0322768600877144,2.084898025622977,0.04704775275728652,0.07307133104144227,False
pythia70m_s44,musicpile,far,sam,sgd,3.3791351094404547,5.62e-05,3.3754772328117357,3.862664101408419,3.6324881723482316,0.23017592906018747,5.62e-05,0.23060629559123091,0.0018662392973273212,3.04594738102864,3.0242948938806564,0.04961866864825618,0.05042580994985559,False
pythia70m_s44,musicpile,far,sam,adam,3.3754772328117357,5.62e-05,3.3754772328117357,3.862664101408419,3.6324881723482316,0.23017592906018747,3.16e-05,0.15881322274702647,-0.44934990348275106,3.04594738102864,2.084898025622977,0.04961866864825618,0.07307133104144227,False
pythia70m_s44,musicpile,far,fsam,sgd,3.3791351094404547,5.62e-05,3.376891156698626,3.8637258675233723,3.632438738052159,0.23128712947121333,5.62e-05,0.23060629559123091,-0.002952364670864238,3.041064267091835,3.0242948938806564,0.05001845412920274,0.05042580994985559,False
pythia70m_s44,musicpile,far,fsam,adam,3.376891156698626,5.62e-05,3.376891156698626,3.8637258675233723,3.632438738052159,0.23128712947121333,3.16e-05,0.15881322274702647,-0.45634680457074106,3.041064267091835,2.084898025622977,0.05001845412920274,0.07307133104144227,False
pythia70m_s44,musicpile,far,muon_sam,muon,3.3693787487052425,5.62e-05,3.3664461572576174,3.7335675383267337,3.516389600451445,0.2171779378752885,5.62e-05,0.2162950556805452,-0.004081841778423634,3.068283287621021,3.0322768600877144,0.046137577924282636,0.04704775275728652,False
pythia70m_s44,musicpile,far,muon_sam,adam,3.3664461572576174,5.62e-05,3.3664461572576174,3.7335675383267337,3.516389600451445,0.2171779378752885,3.16e-05,0.15881322274702647,-0.3675053885231656,3.068283287621021,2.084898025622977,0.046137577924282636,0.07307133104144227,False
pythia70m_s44,musicpile,far,fsam_ortho_muon,muon,3.3693787487052425,5.62e-05,3.366646163850848,3.7338005185360545,3.5154415100754592,0.2183590084605953,5.62e-05,0.2162950556805452,-0.009542302174019301,3.0757493834907383,3.0322768600877144,0.04616355202789024,0.04704775275728652,False
pythia70m_s44,musicpile,far,fsam_ortho_muon,adam,3.366646163850848,5.62e-05,3.366646163850848,3.7338005185360545,3.5154415100754592,0.2183590084605953,3.16e-05,0.15881322274702647,-0.37494224148085764,3.0757493834907383,2.084898025622977,0.04616355202789024,0.07307133104144227,False
pythia70m_s44,musicpile,far,fsam_ortho_muon_stale_momentum,muon,3.3693787487052425,5.62e-05,3.368047165544066,3.733328809943451,3.5170139491908006,0.2163148607526506,5.62e-05,0.2162950556805452,-9.156507088481369e-05,3.044406033027367,3.0322768600877144,0.04667788870760621,0.04704775275728652,False
pythia70m_s44,musicpile,far,fsam_ortho_muon_stale_momentum,adam,3.368047165544066,5.62e-05,3.368047165544066,3.733328809943451,3.5170139491908006,0.2163148607526506,3.16e-05,0.15881322274702647,-0.3620708465643221,3.044406033027367,2.084898025622977,0.04667788870760621,0.07307133104144227,False
pythia70m_s44,musicpile,far,randsam_muon,muon,3.3693787487052425,5.62e-05,3.367139491549677,3.731555983511669,3.5142166227277243,0.2173393607839449,5.62e-05,0.2162950556805452,-0.004828150602490311,3.041266345531044,3.0322768600877144,0.046995845664252564,0.04704775275728652,False
pythia70m_s44,musicpile,far,randsam_muon,adam,3.367139491549677,5.62e-05,3.367139491549677,3.731555983511669,3.5142166227277243,0.2173393607839449,3.16e-05,0.15881322274702647,-0.3685218209452539,3.041266345531044,2.084898025622977,0.046995845664252564,0.07307133104144227,False
pythia70m_s44,musicpile,far,soma_prens5,muon,3.3693787487052425,5.62e-05,3.3669576850189387,3.7332519411807423,3.5159606597661504,0.21729128141459197,5.62e-05,0.2162950556805452,-0.004605864571949114,3.0545759196286206,3.0322768600877144,0.0465768859795155,0.04704775275728652,False
pythia70m_s44,musicpile,far,soma_prens5,adam,3.3669576850189387,5.62e-05,3.3669576850189387,3.7332519411807423,3.5159606597661504,0.21729128141459197,3.16e-05,0.15881322274702647,-0.36821907934401144,3.0545759196286206,2.084898025622977,0.0465768859795155,0.07307133104144227,False
pythia70m_s44,musicpile,far,op_soma_postns5,muon,3.369492025058097,5.62e-05,3.369492025058097,3.7328352284291486,3.5148952357223124,0.21793999270683617,5.62e-05,0.2162950556805452,-0.007605060694130916,3.0467733180453975,3.0322768600877144,0.04695551848802595,0.04704775275728652,False
pythia70m_s44,musicpile,far,op_soma_postns5,adam,3.369492025058097,5.62e-05,3.369492025058097,3.7328352284291486,3.5148952357223124,0.21793999270683617,3.16e-05,0.15881322274702647,-0.3723038229253286,3.0467733180453975,2.084898025622977,0.04695551848802595,0.07307133104144227,False
pythia70m_s44,tulu3,near,sgd,adam,2.4655048795875505,5.62e-05,2.4655048795875505,3.9843419965232654,3.6312716907717713,0.3530703057514941,3.16e-05,0.25844018566631766,-0.3661586909992285,3.164070964691456,2.322672247154781,0.07053403979121393,0.09581073649409011,False
pythia70m_s44,tulu3,near,muon,adam,2.4877308511454066,5.62e-05,2.4877308511454066,3.8520608853453995,3.514651990916631,0.3374088944287683,3.16e-05,0.25844018566631766,-0.30555893836266734,3.2669694764805963,2.322672247154781,0.0632260963470597,0.09581073649409011,False
pythia70m_s44,tulu3,near,sam,sgd,2.4681967718493913,5.62e-05,2.4681967718493913,3.9851106468245474,3.6324881723482316,0.3526224744763158,3.16e-05,0.2550668772419371,-0.3824706613781328,3.1640120623197623,2.1466467703797893,0.07044719790141092,0.11070389110866727,False
pythia70m_s44,tulu3,near,sam,adam,2.4681967718493913,5.62e-05,2.4681967718493913,3.9851106468245474,3.6324881723482316,0.3526224744763158,3.16e-05,0.25844018566631766,-0.36442586731306803,3.1640120623197623,2.322672247154781,0.07044719790141092,0.09581073649409011,False
pythia70m_s44,tulu3,near,fsam,sgd,2.4655048795875505,5.62e-05,2.4643451145717075,3.9835217880876095,3.632438738052159,0.3510830500354505,5.62e-05,0.3530703057514941,0.0056284985841951185,3.153528983357971,3.164070964691456,0.07060674724386908,0.07053403979121393,False
pythia70m_s44,tulu3,near,fsam,adam,2.4643451145717075,5.62e-05,2.4643451145717075,3.9835217880876095,3.632438738052159,0.3510830500354505,3.16e-05,0.25844018566631766,-0.3584692687411535,3.153528983357971,2.322672247154781,0.07060674724386908,0.09581073649409011,False
pythia70m_s44,tulu3,near,muon_sam,muon,2.4877308511454066,5.62e-05,2.485662576037144,3.8512569808213444,3.516389600451445,0.33486738036989916,5.62e-05,0.3374088944287683,0.007532445352906092,3.2625938925597358,3.2669694764805963,0.06291827432905808,0.0632260963470597,False
pythia70m_s44,tulu3,near,muon_sam,adam,2.4819858424117656,0.0001,2.4819858424117656,3.9623368630903806,3.516389600451445,0.44594726263893536,3.16e-05,0.25844018566631766,-0.7255337496727985,4.731199043273844,2.322672247154781,0.03984474569947291,0.09581073649409011,False
pythia70m_s44,tulu3,near,fsam_ortho_muon,muon,2.4905804076073452,5.62e-05,2.4905804076073452,3.8524829954083883,3.5154415100754592,0.3370414853329291,5.62e-05,0.3374088944287683,0.0010889134871836514,3.278772533094585,3.2669694764805963,0.06270335505982635,0.0632260963470597,False
pythia70m_s44,tulu3,near,fsam_ortho_muon,adam,2.4905804076073452,5.62e-05,2.4905804076073452,3.8524829954083883,3.5154415100754592,0.3370414853329291,1.78e-05,0.18222884982532728,-0.8495506373222195,3.278772533094585,1.5631157245442633,0.06270335505982635,0.14916429014710028,False
pythia70m_s44,tulu3,near,fsam_ortho_muon_stale_momentum,muon,2.4877308511454066,5.62e-05,2.4872526851885475,3.8509702887787043,3.5170139491908006,0.3339563395879037,5.62e-05,0.3374088944287683,0.010232554321692566,3.254258594970061,3.2669694764805963,0.06306894506803928,0.0632260963470597,False
pythia70m_s44,tulu3,near,fsam_ortho_muon_stale_momentum,adam,2.4872526851885475,5.62e-05,2.4872526851885475,3.8509702887787043,3.5170139491908006,0.3339563395879037,3.16e-05,0.25844018566631766,-0.2921997356057,3.254258594970061,2.322672247154781,0.06306894506803928,0.09581073649409011,False
pythia70m_s44,tulu3,near,randsam_muon,muon,2.4877308511454066,5.62e-05,2.4828609608390795,3.8581273215157643,3.5142166227277243,0.34391069878804004,5.62e-05,0.3374088944287683,-0.019269807247610515,3.3373646938621397,3.2669694764805963,0.061754462753391866,0.0632260963470597,False
pythia70m_s44,tulu3,near,randsam_muon,adam,2.4828609608390795,5.62e-05,2.4828609608390795,3.8581273215157643,3.5142166227277243,0.34391069878804004,3.16e-05,0.25844018566631766,-0.33071680745531085,3.3373646938621397,2.322672247154781,0.061754462753391866,0.09581073649409011,False
pythia70m_s44,tulu3,near,soma_prens5,muon,2.4877308511454066,5.62e-05,2.482938800072717,3.857564414783933,3.5159606597661504,0.3416037550177826,5.62e-05,0.3374088944287683,-0.012432572638952477,3.3311270887153692,3.2669694764805963,0.06157015222095039,0.0632260963470597,False
pythia70m_s44,tulu3,near,soma_prens5,adam,2.482938800072717,5.62e-05,2.482938800072717,3.857564414783933,3.5159606597661504,0.3416037550177826,3.16e-05,0.25844018566631766,-0.32179039469829496,3.3311270887153692,2.322672247154781,0.06157015222095039,0.09581073649409011,False
pythia70m_s44,tulu3,near,op_soma_postns5,muon,2.4877308511454066,5.62e-05,2.4828743981288603,3.858624493772503,3.5148952357223124,0.3437292580501907,5.62e-05,0.3374088944287683,-0.018732059900562925,3.3285648396197693,3.2669694764805963,0.06204866667461308,0.0632260963470597,False
pythia70m_s44,tulu3,near,op_soma_postns5,adam,2.4828743981288603,5.62e-05,2.4828743981288603,3.858624493772503,3.5148952357223124,0.3437292580501907,3.16e-05,0.25844018566631766,-0.33001474659979224,3.3285648396197693,2.322672247154781,0.06204866667461308,0.09581073649409011,False
