model,optimizer,n_seeds,final_train_loss,final_val_loss,final_val_ppl,final_val_acc
nanogpt,AdamW,3,3.3108 ± 0.0042,3.2026 ± 0.0009,24.60 ± 0.02,
nanogpt,SGD,3,3.3608 ± 0.0043,3.2486 ± 0.0002,25.76 ± 0.01,
nanogpt,Muon,3,3.3231 ± 0.0046,3.2131 ± 0.0011,24.86 ± 0.03,
nanogpt,SAM,3,3.3607 ± 0.0040,3.2486 ± 0.0006,25.76 ± 0.02,
nanogpt,FSAM,3,3.3605 ± 0.0039,3.2483 ± 0.0005,25.75 ± 0.02,
nanogpt,SpecSAM-Muon,3,3.3136 ± 0.0043,3.2091 ± 0.0012,24.76 ± 0.03,
nanogpt,FP-SOMA,3,3.3136 ± 0.0043,3.2085 ± 0.0012,24.74 ± 0.03,
nanogpt,SOMA,3,3.3210 ± 0.0044,3.2105 ± 0.0005,24.79 ± 0.01,
nanogpt,RandSAM-Muon,3,3.3232 ± 0.0046,3.2131 ± 0.0003,24.86 ± 0.01,
nanogpt,SOMA-PreNS5,3,3.3228 ± 0.0043,3.2118 ± 0.0006,24.82 ± 0.02,
nanogpt,OP-SOMA-PostNS5,3,3.3227 ± 0.0044,3.2117 ± 0.0004,24.82 ± 0.01,
pythia70m,AdamW,3,3.5738 ± 0.0028,3.5891 ± 0.0007,36.20 ± 0.02,
pythia70m,SGD,3,3.6643 ± 0.0024,3.6896 ± 0.0003,40.03 ± 0.01,
pythia70m,Muon,3,3.5572 ± 0.0027,3.5750 ± 0.0006,35.69 ± 0.02,
pythia70m,SAM,3,3.6656 ± 0.0024,3.6911 ± 0.0002,40.08 ± 0.01,
pythia70m,FSAM,3,3.6656 ± 0.0024,3.6911 ± 0.0002,40.09 ± 0.01,
pythia70m,SpecSAM-Muon,3,3.5577 ± 0.0027,3.5758 ± 0.0008,35.72 ± 0.03,
pythia70m,FP-SOMA,3,3.5575 ± 0.0025,3.5757 ± 0.0004,35.72 ± 0.01,
pythia70m,SOMA,3,3.5605 ± 0.0029,3.5764 ± 0.0007,35.74 ± 0.02,
pythia70m,RandSAM-Muon,3,3.5570 ± 0.0027,3.5750 ± 0.0005,35.70 ± 0.02,
pythia70m,SOMA-PreNS5,3,3.5582 ± 0.0029,3.5755 ± 0.0009,35.71 ± 0.03,
pythia70m,OP-SOMA-PostNS5,3,3.5575 ± 0.0027,3.5751 ± 0.0005,35.70 ± 0.02,
cifar10,AdamW,3,0.3163 ± 0.0020,0.3663 ± 0.0093,,87.87 ± 0.53
cifar10,SGD,3,0.4611 ± 0.0027,0.4545 ± 0.0021,,84.66 ± 0.40
cifar10,Muon,3,0.2655 ± 0.0024,0.3795 ± 0.0060,,87.27 ± 0.08
cifar10,SAM,3,0.4618 ± 0.0016,0.4547 ± 0.0023,,84.72 ± 0.41
cifar10,FSAM,3,0.4589 ± 0.0022,0.4494 ± 0.0006,,84.73 ± 0.29
cifar10,SpecSAM-Muon,3,0.2713 ± 0.0028,0.3698 ± 0.0049,,87.63 ± 0.34
cifar10,FP-SOMA,3,0.2704 ± 0.0014,0.3710 ± 0.0050,,87.37 ± 0.44
cifar10,SOMA,3,0.2685 ± 0.0017,0.3798 ± 0.0035,,87.51 ± 0.27
cifar10,RandSAM-Muon,3,0.2655 ± 0.0038,0.3863 ± 0.0010,,87.22 ± 0.07
cifar10,SOMA-PreNS5,3,0.2661 ± 0.0027,0.3810 ± 0.0006,,87.14 ± 0.13
cifar10,OP-SOMA-PostNS5,3,0.2658 ± 0.0022,0.3835 ± 0.0021,,87.14 ± 0.05
