config_id,optimizer,seed,checkpoint,method,wbits,group_size,calib_seed,calib_nsamples,wikitext2_ppl,fineweb_ppl,fineweb_acc,test_acc,test_loss,quant_time_s,status
nanogpt_fineweb,adam,,nanogpt_fineweb_adam_epoch15.pt,fp,16,,,,300.2566683909694,88.28851769851863,28.46622355063601,,,0.0,ok
nanogpt_fineweb,adam,,nanogpt_fineweb_adam_epoch15.pt,awq,4,128,0,128,303.37654482079,88.86733851567851,28.388155883072407,,,61.57,ok
nanogpt_fineweb,adam,,nanogpt_fineweb_adam_epoch15.pt,awq,4,128,1,128,304.75135798447843,88.90084399893583,28.388155883072407,,,61.72,ok
nanogpt_fineweb,adam,,nanogpt_fineweb_adam_epoch15.pt,awq,4,128,2,128,304.60128353825326,88.86239725120487,28.3909269508317,,,61.61,ok
nanogpt_fineweb,muon,42,nanogpt_fineweb_muon_seed42_epoch15.pt,fp,16,,,,49.26774068980346,24.55126204584092,39.752113655821915,,,0.0,ok
nanogpt_fineweb,muon,42,nanogpt_fineweb_muon_seed42_epoch15.pt,awq,4,128,0,128,51.0883328587315,25.067105315537763,39.51676400440313,,,20.83,ok
nanogpt_fineweb,muon,42,nanogpt_fineweb_muon_seed42_epoch15.pt,awq,4,128,1,128,51.24080875917456,25.07378070943904,39.4845622859589,,,21.1,ok
nanogpt_fineweb,muon,42,nanogpt_fineweb_muon_seed42_epoch15.pt,awq,4,128,2,128,51.15308866323811,25.085600577062515,39.49851317881605,,,21.38,ok
nanogpt_fineweb,fsam_ortho_muon_stale_momentum,42,nanogpt_fineweb_fsam_ortho_muon_stale_momentum_seed42_epoch15.pt,fp,16,,,,50.976057129822046,24.789257183807948,39.630664444716245,,,0.0,ok
nanogpt_fineweb,fsam_ortho_muon_stale_momentum,42,nanogpt_fineweb_fsam_ortho_muon_stale_momentum_seed42_epoch15.pt,awq,4,128,0,128,52.080767621012455,25.254195769064843,39.4189166462818,,,20.96,ok
nanogpt_fineweb,fsam_ortho_muon_stale_momentum,42,nanogpt_fineweb_fsam_ortho_muon_stale_momentum_seed42_epoch15.pt,awq,4,128,1,128,52.346590146315364,25.257124417381732,39.404392429060664,,,20.88,ok
nanogpt_fineweb,fsam_ortho_muon_stale_momentum,42,nanogpt_fineweb_fsam_ortho_muon_stale_momentum_seed42_epoch15.pt,awq,4,128,2,128,52.22326258423442,25.26157431824852,39.41050788894325,,,20.89,ok
nanogpt_fineweb,fsam_ortho_muon_stale,42,nanogpt_fineweb_fsam_ortho_muon_stale_seed42_epoch15.pt,fp,16,,,,50.14806808899389,24.716309971470302,39.6773903803816,,,0.0,ok
nanogpt_fineweb,fsam_ortho_muon_stale,42,nanogpt_fineweb_fsam_ortho_muon_stale_seed42_epoch15.pt,awq,4,128,0,128,51.64985132329276,25.20416494086366,39.43382307974559,,,20.99,ok
nanogpt_fineweb,fsam_ortho_muon_stale,42,nanogpt_fineweb_fsam_ortho_muon_stale_seed42_epoch15.pt,awq,4,128,1,128,51.740498042925985,25.206045789915205,39.421305497798436,,,20.76,ok
nanogpt_fineweb,fsam_ortho_muon_stale,42,nanogpt_fineweb_fsam_ortho_muon_stale_seed42_epoch15.pt,awq,4,128,2,128,51.58306794266072,25.20976142491126,39.442040728962816,,,20.75,ok
nanogpt_fineweb,sam,42,nanogpt_fineweb_sam_seed42_epoch15.pt,fp,16,,,,37.02942988536994,26.564311805780008,38.981852372798436,,,0.0,ok
nanogpt_fineweb,sam,42,nanogpt_fineweb_sam_seed42_epoch15.pt,awq,4,128,0,128,39.37392125330375,28.081428149337096,38.32338934075342,,,21.27,ok
nanogpt_fineweb,sam,42,nanogpt_fineweb_sam_seed42_epoch15.pt,awq,4,128,1,128,39.30285209761818,28.08004366640082,38.31918496208415,,,20.99,ok
nanogpt_fineweb,sam,42,nanogpt_fineweb_sam_seed42_epoch15.pt,awq,4,128,2,128,39.430304391339334,28.07553165236412,38.32128715141879,,,20.84,ok
nanogpt_fineweb,fsam,42,nanogpt_fineweb_fsam_seed42_epoch15.pt,fp,16,,,,37.08408360490548,26.560580478022576,38.98366789995108,,,0.0,ok
nanogpt_fineweb,fsam,42,nanogpt_fineweb_fsam_seed42_epoch15.pt,awq,4,128,0,128,39.722113924490294,28.108140255125758,38.31966273238748,,,21.34,ok
nanogpt_fineweb,fsam,42,nanogpt_fineweb_fsam_seed42_epoch15.pt,awq,4,128,1,128,39.42355162354977,28.055088723645266,38.35520884295499,,,20.89,ok
nanogpt_fineweb,fsam,42,nanogpt_fineweb_fsam_seed42_epoch15.pt,awq,4,128,2,128,39.46673202874034,28.04765489651268,38.32224269202544,,,20.88,ok
nanogpt_fineweb,fsam_muon,42,nanogpt_fineweb_fsam_muon_seed42_epoch15.pt,fp,16,,,,49.44754223717398,24.534892111679063,39.75087145303327,,,0.0,ok
nanogpt_fineweb,fsam_muon,42,nanogpt_fineweb_fsam_muon_seed42_epoch15.pt,awq,4,128,0,128,51.77103881130667,25.080078416169872,39.52660607265166,,,21.41,ok
nanogpt_fineweb,fsam_muon,42,nanogpt_fineweb_fsam_muon_seed42_epoch15.pt,awq,4,128,1,128,51.16107169948222,25.05880784890617,39.5140884907045,,,21.35,ok
nanogpt_fineweb,fsam_muon,42,nanogpt_fineweb_fsam_muon_seed42_epoch15.pt,awq,4,128,2,128,51.35352776652005,25.079863714729584,39.52125504525441,,,20.77,ok
nanogpt_fineweb,muon_sam,42,nanogpt_fineweb_muon_sam_seed42_epoch15.pt,fp,16,,,,49.36730108737629,24.60945237285088,39.720389707681015,,,0.0,ok
nanogpt_fineweb,muon_sam,42,nanogpt_fineweb_muon_sam_seed42_epoch15.pt,awq,4,128,0,128,50.859692841472594,25.11160600944326,39.48599559686888,,,20.86,ok
nanogpt_fineweb,muon_sam,42,nanogpt_fineweb_muon_sam_seed42_epoch15.pt,awq,4,128,1,128,51.275309204447524,25.130313310927114,39.481600110078276,,,20.77,ok
nanogpt_fineweb,muon_sam,42,nanogpt_fineweb_muon_sam_seed42_epoch15.pt,awq,4,128,2,128,50.84709885615898,25.107939844877244,39.494213246086105,,,20.77,ok
nanogpt_fineweb,fsam_frob_muon_stale,42,nanogpt_fineweb_fsam_frob_muon_stale_seed42_epoch15.pt,fp,16,,,,104.64694937445583,35.20472232112926,35.98097709760274,,,0.0,ok
nanogpt_fineweb,fsam_frob_muon_stale,42,nanogpt_fineweb_fsam_frob_muon_stale_seed42_epoch15.pt,awq,4,128,0,128,105.24994918820929,35.50696093267095,35.849781372309195,,,20.92,ok
nanogpt_fineweb,fsam_frob_muon_stale,42,nanogpt_fineweb_fsam_frob_muon_stale_seed42_epoch15.pt,awq,4,128,1,128,104.84659812626302,35.51557884972317,35.85264799412916,,,20.78,ok
nanogpt_fineweb,fsam_frob_muon_stale,42,nanogpt_fineweb_fsam_frob_muon_stale_seed42_epoch15.pt,awq,4,128,2,128,105.08023336068072,35.50443707173392,35.85331687255382,,,20.77,ok
nanogpt_fineweb,fsam_frob_muon_stale_momentum,42,nanogpt_fineweb_fsam_frob_muon_stale_momentum_seed42_epoch15.pt,fp,16,,,,99.91321218553252,35.04932239865076,36.05875810298434,,,0.0,ok
nanogpt_fineweb,fsam_frob_muon_stale_momentum,42,nanogpt_fineweb_fsam_frob_muon_stale_momentum_seed42_epoch15.pt,awq,4,128,0,128,100.53190234438692,35.34867382033743,35.94342435176125,,,21.52,ok
nanogpt_fineweb,fsam_frob_muon_stale_momentum,42,nanogpt_fineweb_fsam_frob_muon_stale_momentum_seed42_epoch15.pt,awq,4,128,1,128,100.47300626343844,35.36083533561585,35.94476210861057,,,20.85,ok
nanogpt_fineweb,fsam_frob_muon_stale_momentum,42,nanogpt_fineweb_fsam_frob_muon_stale_momentum_seed42_epoch15.pt,awq,4,128,2,128,100.65768441261264,35.35955567721992,35.971326137475536,,,20.85,ok
nanogpt_fineweb,muon_sam_frob,42,nanogpt_fineweb_muon_sam_frob_seed42_epoch15.pt,fp,16,,,,100.80883577976574,35.46639575163222,35.89507399706458,,,0.0,ok
nanogpt_fineweb,muon_sam_frob,42,nanogpt_fineweb_muon_sam_frob_seed42_epoch15.pt,awq,4,128,0,128,101.50338248169085,35.78202846801699,35.788913435665364,,,21.51,ok
nanogpt_fineweb,muon_sam_frob,42,nanogpt_fineweb_muon_sam_frob_seed42_epoch15.pt,awq,4,128,1,128,101.71653951803302,35.79499548518075,35.786142367906066,,,20.74,ok
nanogpt_fineweb,muon_sam_frob,42,nanogpt_fineweb_muon_sam_frob_seed42_epoch15.pt,awq,4,128,2,128,101.2365757303866,35.798052559938974,35.77945358365949,,,20.74,ok
nanogpt_fineweb,sam_ortho,42,nanogpt_fineweb_sam_ortho_seed42_epoch15.pt,fp,16,,,,4867.552372771058,1453.0085539521556,10.702341456702545,,,0.0,ok
nanogpt_fineweb,sam_ortho,42,nanogpt_fineweb_sam_ortho_seed42_epoch15.pt,awq,4,128,0,128,4858.619431151913,1453.760653183635,10.681319563356164,,,21.66,ok
nanogpt_fineweb,sam_ortho,42,nanogpt_fineweb_sam_ortho_seed42_epoch15.pt,awq,4,128,1,128,4866.156060894958,1453.7941554140982,10.676732968444227,,,21.28,ok
nanogpt_fineweb,sam_ortho,42,nanogpt_fineweb_sam_ortho_seed42_epoch15.pt,awq,4,128,2,128,4861.624317795117,1453.657883098563,10.677401846868884,,,21.12,ok
nanogpt_fineweb,fsam_ortho,42,nanogpt_fineweb_fsam_ortho_seed42_epoch15.pt,fp,16,,,,4635.289252730899,1382.0207294324991,11.333189365215263,,,0.0,ok
nanogpt_fineweb,fsam_ortho,42,nanogpt_fineweb_fsam_ortho_seed42_epoch15.pt,awq,4,128,0,128,4635.441103596467,1383.0118784656227,11.313123012475538,,,21.22,ok
nanogpt_fineweb,fsam_ortho,42,nanogpt_fineweb_fsam_ortho_seed42_epoch15.pt,awq,4,128,1,128,4635.711057182035,1383.1182755652133,11.327838337818005,,,21.22,ok
nanogpt_fineweb,fsam_ortho,42,nanogpt_fineweb_fsam_ortho_seed42_epoch15.pt,awq,4,128,2,128,4638.297059770322,1383.0494494905524,11.329844973091976,,,20.98,ok
nanogpt_fineweb,fsam_ortho_muon,42,nanogpt_fineweb_fsam_ortho_muon_seed42_epoch15.pt,fp,16,,,,102.431017503664,36.26463836305837,35.692594942514674,,,0.0,ok
nanogpt_fineweb,fsam_ortho_muon,42,nanogpt_fineweb_fsam_ortho_muon_seed42_epoch15.pt,awq,4,128,0,128,103.22499849900095,36.50140916343241,35.61615169398239,,,21.41,ok
nanogpt_fineweb,fsam_ortho_muon,42,nanogpt_fineweb_fsam_ortho_muon_seed42_epoch15.pt,awq,4,128,1,128,102.85893870906395,36.5094492205512,35.60105415239726,,,21.33,ok
nanogpt_fineweb,fsam_ortho_muon,42,nanogpt_fineweb_fsam_ortho_muon_seed42_epoch15.pt,awq,4,128,2,128,103.26217616179419,36.50606486498276,35.61261619373777,,,20.94,ok
nanogpt_fineweb,adam,42,nanogpt_fineweb_adam_seed42_epoch15.pt,fp,16,,,,43.08173766465004,23.80414447858755,40.0975415851272,,,0.0,ok
nanogpt_fineweb,adam,42,nanogpt_fineweb_adam_seed42_epoch15.pt,awq,4,128,0,128,44.48122323656271,24.42387424664278,39.79453965875734,,,21.69,ok
nanogpt_fineweb,adam,42,nanogpt_fineweb_adam_seed42_epoch15.pt,awq,4,128,1,128,44.69641938748928,24.413585175378298,39.798170713062625,,,21.64,ok
nanogpt_fineweb,adam,42,nanogpt_fineweb_adam_seed42_epoch15.pt,awq,4,128,2,128,44.43532980303908,24.414376386844747,39.80304397015656,,,21.55,ok
nanogpt_fineweb,sgd,42,nanogpt_fineweb_sgd_seed42_epoch15.pt,fp,16,,,,3899.1632702559436,1215.0305390820806,12.23216196795499,,,0.0,ok
nanogpt_fineweb,sgd,42,nanogpt_fineweb_sgd_seed42_epoch15.pt,awq,4,128,0,128,3899.1120656257954,1215.9490780189797,12.220504372553815,,,21.75,ok
nanogpt_fineweb,sgd,42,nanogpt_fineweb_sgd_seed42_epoch15.pt,awq,4,128,1,128,3898.6051959881383,1216.142425318241,12.235697468199609,,,21.62,ok
nanogpt_fineweb,sgd,42,nanogpt_fineweb_sgd_seed42_epoch15.pt,awq,4,128,2,128,3899.2284292861045,1215.9269115627967,12.220026602250488,,,21.55,ok
nanogpt_fineweb,fsam_gfrob_muon_stale_momentum,42,nanogpt_fineweb_fsam_gfrob_muon_stale_momentum_seed42_epoch15.pt,fp,16,,,,94.0189430108422,34.99225561053409,36.11761940435421,,,0.0,ok
nanogpt_fineweb,fsam_gfrob_muon_stale_momentum,42,nanogpt_fineweb_fsam_gfrob_muon_stale_momentum_seed42_epoch15.pt,awq,4,128,0,128,95.39655754257987,35.37285652563946,35.99244358488259,,,20.87,ok
nanogpt_fineweb,fsam_gfrob_muon_stale_momentum,42,nanogpt_fineweb_fsam_gfrob_muon_stale_momentum_seed42_epoch15.pt,awq,4,128,1,128,95.6644712884196,35.34530168148265,36.02846746575342,,,20.79,ok
nanogpt_fineweb,fsam_gfrob_muon_stale_momentum,42,nanogpt_fineweb_fsam_gfrob_muon_stale_momentum_seed42_epoch15.pt,awq,4,128,2,128,95.39981359666261,35.349408941555104,35.99865459882583,,,21.41,ok
nanogpt_fineweb,fsam_gfrob_muon_stale,42,nanogpt_fineweb_fsam_gfrob_muon_stale_seed42_epoch15.pt,fp,16,,,,94.30754169239283,34.96839066390796,36.08274217221135,,,0.0,ok
nanogpt_fineweb,fsam_gfrob_muon_stale,42,nanogpt_fineweb_fsam_gfrob_muon_stale_seed42_epoch15.pt,awq,4,128,0,128,95.21864595116337,35.29120663841963,35.97476608365949,,,21.04,ok
nanogpt_fineweb,fsam_gfrob_muon_stale,42,nanogpt_fineweb_fsam_gfrob_muon_stale_seed42_epoch15.pt,awq,4,128,1,128,95.568437868446,35.29029378024818,35.9741927592955,,,21.1,ok
nanogpt_fineweb,fsam_gfrob_muon_stale,42,nanogpt_fineweb_fsam_gfrob_muon_stale_seed42_epoch15.pt,awq,4,128,2,128,95.16440952305085,35.26830577768568,35.989576963062625,,,20.85,ok
nanogpt_fineweb,muon_sam_gfrob,42,nanogpt_fineweb_muon_sam_gfrob_seed42_epoch15.pt,fp,16,,,,98.32143642845752,34.98733125381902,36.11991270181018,,,0.0,ok
nanogpt_fineweb,muon_sam_gfrob,42,nanogpt_fineweb_muon_sam_gfrob_seed42_epoch15.pt,awq,4,128,0,128,100.37517542610061,35.32476614352271,36.01222327544031,,,21.21,ok
nanogpt_fineweb,muon_sam_gfrob,42,nanogpt_fineweb_muon_sam_gfrob_seed42_epoch15.pt,awq,4,128,1,128,100.51103886724603,35.316246398926054,36.02235200587084,,,20.78,ok
nanogpt_fineweb,muon_sam_gfrob,42,nanogpt_fineweb_muon_sam_gfrob_seed42_epoch15.pt,awq,4,128,2,128,98.61362875482942,35.30377862255927,36.018147627201564,,,20.85,ok
nanogpt_fineweb,randsam_muon,42,nanogpt_fineweb_randsam_muon_seed42_epoch15.pt,fp,16,,,,97.14695182297145,34.97032669000315,36.111312836350294,,,0.0,ok
nanogpt_fineweb,randsam_muon,42,nanogpt_fineweb_randsam_muon_seed42_epoch15.pt,awq,4,128,0,128,98.62354290057645,35.34331006867501,35.97476608365949,,,21.43,ok
nanogpt_fineweb,randsam_muon,42,nanogpt_fineweb_randsam_muon_seed42_epoch15.pt,awq,4,128,1,128,98.8348765987463,35.34243576809246,35.969319502201564,,,20.85,ok
nanogpt_fineweb,randsam_muon,42,nanogpt_fineweb_randsam_muon_seed42_epoch15.pt,awq,4,128,2,128,98.60218903754713,35.331078488205414,35.97123058341487,,,20.86,ok
