outer,alpha,lr,median_final_gap,divergence_rate
sgd,1.3,3.0,1.0125844121715046,0.0
sgd,1.1,1.0,3.6520933965972833,0.0
sgd,1.1,0.3,3.4727923126313063,0.0
sgd,1.1,30.0,3.99043314146884,0.0
sgd,1.3,1.0,0.9495999820605769,0.0
sgd,1.3,0.1,0.627322137889037,0.0
sgd,1.3,0.03,0.6274664793793762,0.0
sgd,1.1,0.01,1.350188344279072,0.0
sgd,1.1,3.0,3.6607019194951564,0.0
sgd,1.1,0.1,3.107950796746659,0.0
sgd,1.3,0.3,0.8696638868564823,0.0
sgd,1.3,0.01,0.8254720395210134,0.0
sgd,1.1,10.0,3.596437639357819,0.0
sgd,1.1,0.03,1.7538540855334916,0.0
sgd,1.6,0.1,0.14994030499341668,0.0
sgd,1.3,30.0,1.5796325832709925,0.0
sgd,1.3,10.0,1.2158688503423258,0.0
sgd,2,0.01,0.7650277637518299,0.0
sgd,1.6,10.0,0.34416002784817534,0.0
sgd,1.6,0.03,0.43577308951974003,0.0
sgd,1.6,1.0,0.16367297781903759,0.0
sgd,1.6,0.3,0.09850861965955172,0.0
sgd,2,0.1,0.10342409251689134,0.0
sgd,1.6,3.0,0.22883400275145574,0.0
sgd,1.6,30.0,0.42028902904554255,0.0
sgd,2,0.3,0.016203139750682237,0.0
sgd,2,0.03,0.4226200991317301,0.0
sgd,1.6,0.01,0.7669423569592836,0.0
sgd,3,1.0,0.004274377454398339,0.0
sgd,2,1.0,0.017776787555110446,0.0
sgd,2,30.0,0.11360437802879472,0.0
sgd,3,0.01,0.7650470910752141,0.0
sgd,3,3.0,0.007328219972168876,0.0
sgd,2,3.0,0.03427883078899354,0.0
sgd,2,10.0,0.06159700077329274,0.0
sgd,3,0.3,0.0067317323152026225,0.0
sgd,3,0.1,0.09679592336774251,0.0
sgd,3,30.0,0.042517965892580493,0.0
sgd,3,0.03,0.42187601270833613,0.0
sgd,inf,0.03,0.42212307032136737,0.0
sgd,3,10.0,0.016051701369431688,0.0
sgd,inf,0.01,0.7651172290377342,0.0
sgd,inf,0.3,0.007150872571442263,0.0
sgd,inf,3.0,0.008637776941343685,0.0
sgd,inf,0.1,0.09689762772080077,0.0
sgd,inf,10.0,0.018043143918191642,0.0
sgd,inf,1.0,0.004749301279768403,0.0
sgd,inf,30.0,0.04600783891889114,0.0
adam,1.1,0.0001,1.0827340282727544,0.0
adam,1.1,0.001,0.8764174944016201,0.0
adam,1.1,0.003,0.6777277050149512,0.0
adam,1.1,0.01,0.5789464783279306,0.0
adam,1.1,0.0003,1.0237620710032183,0.0
adam,1.1,0.03,0.9681329910871671,0.0
adam,1.3,0.0001,1.0275615260080404,0.0
adam,1.3,0.0003,0.8944364301528722,0.0
adam,1.3,0.01,0.17183502270781476,0.0
adam,1.3,0.001,0.6284332685241099,0.0
adam,1.3,0.003,0.292045283670848,0.0
adam,1.6,0.0003,0.7230867113791426,0.0
adam,1.6,0.0001,0.938714205259042,0.0
adam,1.6,0.003,0.08955841788634707,0.0
adam,1.6,0.001,0.3205986402155612,0.0
adam,1.3,0.03,0.2323412674976564,0.0
adam,2,0.0001,0.8655443028509044,0.0
adam,1.6,0.01,0.0357593744133963,0.0
adam,2,0.0003,0.5840146867091316,0.0
adam,1.6,0.03,0.05593376841133353,0.0
adam,2,0.001,0.17266565761564606,0.0
adam,2,0.003,0.023279143090568936,0.0
adam,2,0.03,0.017772548887037203,0.0
adam,2,0.01,0.009108406723960348,0.0
adam,3,0.001,0.10059814531315628,0.0
adam,3,0.03,0.004951168331386033,0.0
adam,3,0.0003,0.4682829454628293,0.0
adam,3,0.003,0.004427843872368306,0.0
adam,3,0.01,0.0030609324235522485,0.0
adam,inf,0.001,0.11192482466446922,0.0
adam,inf,0.0003,0.49019842823497883,0.0
adam,3,0.0001,0.8090260719057334,0.0
adam,inf,0.01,0.003505740494736692,0.0
adam,inf,0.0001,0.819190193071557,0.0
adam,inf,0.003,0.006545586864182992,0.0
adam,inf,0.03,0.0058716878507273735,0.0
muon,1.1,0.002,0.7355250772701749,0.0
muon,1.1,0.001,0.8780077829641812,0.0
muon,1.1,0.005,0.48043368039717077,0.0
muon,1.1,0.02,0.48288297860649493,0.0
muon,1.1,0.01,0.3807381307119309,0.0
muon,1.3,0.01,0.15085741781685935,0.0
muon,1.1,0.1,1.0823034423903124,0.0
muon,1.1,0.05,0.7835133453467212,0.0
muon,1.3,0.005,0.2463212713918325,0.0
muon,1.3,0.001,0.7708062569967058,0.0
muon,1.3,0.002,0.5658434236615197,0.0
muon,1.3,0.02,0.16218210963402727,0.0
muon,1.3,0.05,0.2186299120689167,0.0
muon,1.3,0.1,0.28504274139432334,0.0
muon,1.6,0.001,0.6781208626103241,0.0
muon,1.6,0.002,0.4277627445077787,0.0
muon,1.6,0.02,0.03694572005801469,0.0
muon,1.6,0.05,0.06409156458846176,0.0
muon,1.6,0.005,0.11080358800453573,0.0
muon,1.6,0.1,0.09354524054566109,0.0
muon,1.6,0.01,0.03746888368305226,0.0
muon,2,0.002,0.37300936769452114,0.0
muon,2,0.01,0.009044969054264376,0.0
muon,2,0.005,0.06233745033023168,0.0
muon,2,0.05,0.022162074017690055,0.0
muon,2,0.02,0.009965677300060443,0.0
muon,2,0.001,0.6300408477049666,0.0
muon,2,0.1,0.036486641995077986,0.0
muon,3,0.001,0.6236559452785622,0.0
muon,3,0.002,0.35900196232080933,0.0
muon,3,0.005,0.050779903511739735,0.0
muon,3,0.05,0.00772360661402485,0.0
muon,3,0.1,0.012681181994960473,0.0
muon,3,0.01,0.0021379096245261633,0.0
muon,inf,0.001,0.6246686647627696,0.0
muon,inf,0.005,0.051530586111860836,0.0
muon,3,0.02,0.0031080573812342,0.0
muon,inf,0.002,0.36268317874305617,0.0
muon,inf,0.02,0.0036574196349223715,0.0
muon,inf,0.1,0.016110913159944444,0.0
muon,inf,0.05,0.008563043343408561,0.0
muon,inf,0.01,0.002776683333753443,0.0
nsgdm,1.1,0.001,1.0315426007928274,0.0
nsgdm,1.1,0.005,0.9294150352783197,0.0
nsgdm,1.1,0.002,0.9789052482873543,0.0
nsgdm,1.1,0.02,1.3578132048117062,0.0
nsgdm,1.1,0.1,2.8248921713776483,0.0
nsgdm,1.1,0.01,0.9983336558008238,0.0
nsgdm,1.3,0.001,0.8660506600730662,0.0
nsgdm,1.1,0.05,2.1699718239698407,0.0
nsgdm,1.3,0.002,0.7220942846471936,0.0
nsgdm,1.3,0.005,0.4819668006224993,0.0
nsgdm,1.3,0.01,0.3962865939607249,0.0
nsgdm,1.3,0.05,0.6108980609265138,0.0
nsgdm,1.3,0.1,0.7901108257433236,0.0
nsgdm,1.3,0.02,0.4382018380637361,0.0
nsgdm,1.6,0.001,0.6142989281790714,0.0
nsgdm,1.6,0.002,0.35418690148545734,0.0
nsgdm,1.6,0.1,0.15067610687355623,0.0
nsgdm,1.6,0.005,0.13566532111919097,0.0
nsgdm,1.6,0.01,0.07899932116568258,0.0
nsgdm,1.6,0.02,0.07757862794675167,0.0
nsgdm,1.6,0.05,0.10616722936775189,0.0
nsgdm,2,0.001,0.4301942027962996,0.0
nsgdm,2,0.002,0.16926449631028775,0.0
nsgdm,2,0.01,0.011997276326333337,0.0
nsgdm,2,0.005,0.02540714986078519,0.0
nsgdm,2,0.05,0.029047700791688013,0.0
nsgdm,2,0.02,0.014342805237362685,0.0
nsgdm,3,0.02,0.0035012230647673832,0.0
nsgdm,3,0.01,0.002511740112137528,0.0
nsgdm,3,0.001,0.35728871626596315,0.0
nsgdm,3,0.05,0.00805395879475501,0.0
nsgdm,3,0.002,0.10538217594287107,0.0
nsgdm,3,0.005,0.0024488618098226847,0.0
nsgdm,inf,0.002,0.11093328265458119,0.0
nsgdm,3,0.1,0.013595230999970103,0.0
nsgdm,inf,0.001,0.3625677495206335,0.0
nsgdm,inf,0.02,0.004292946535678077,0.0
nsgdm,2,0.1,0.04509029941609521,0.0
nsgdm,inf,0.05,0.009261636481266688,0.0
nsgdm,inf,0.01,0.0029262814092663246,0.0
nsgdm,inf,0.005,0.003639686403850972,0.0
nsgdm,inf,0.1,0.015858895433274074,0.0
clip_sgd,1.1,0.01,1.093270785575502,0.0
clip_sgd,1.1,0.1,0.9320625864261156,0.0
clip_sgd,1.1,1.0,0.44398257274779956,0.0
clip_sgd,1.1,30.0,1.026495296750658,0.0
clip_sgd,1.1,0.03,1.0510257961168163,0.0
clip_sgd,1.1,0.3,0.7304414552508864,0.0
clip_sgd,1.3,0.01,1.0643804934091763,0.0
clip_sgd,1.1,3.0,0.45349222648014836,0.0
clip_sgd,1.3,1.0,0.17479228555385598,0.0
clip_sgd,1.3,0.03,0.9766280382490786,0.0
clip_sgd,1.1,10.0,0.6978639709916574,0.0
clip_sgd,1.3,0.1,0.7707809894237294,0.0
clip_sgd,1.3,0.3,0.4432559128307786,0.0
clip_sgd,1.3,3.0,0.14877291126646877,0.0
clip_sgd,1.3,10.0,0.21793847111098327,0.0
clip_sgd,1.3,30.0,0.32686441184791154,0.0
clip_sgd,1.6,0.03,0.8489997722602498,0.0
clip_sgd,1.6,0.01,1.006387099203084,0.0
clip_sgd,1.6,0.1,0.5320938310043599,0.0
clip_sgd,1.6,1.0,0.04173970208032112,0.0
clip_sgd,1.6,0.3,0.1771932862484347,0.0
clip_sgd,1.6,3.0,0.040568681259475506,0.0
clip_sgd,1.6,10.0,0.07565735000744524,0.0
clip_sgd,2,0.01,0.9409137886178851,0.0
clip_sgd,1.6,30.0,0.11392325233119215,0.0
clip_sgd,2,0.03,0.7245830719026392,0.0
clip_sgd,2,0.3,0.07087589163559452,0.0
clip_sgd,2,1.0,0.009977534391061967,0.0
clip_sgd,2,0.1,0.31312404521075043,0.0
clip_sgd,2,3.0,0.012519429596674138,0.0
clip_sgd,2,30.0,0.04761608564743225,0.0
clip_sgd,2,10.0,0.026016096506290807,0.0
clip_sgd,3,0.1,0.1864568701344413,0.0
clip_sgd,3,0.01,0.878453531813681,0.0
clip_sgd,3,0.03,0.606227829570027,0.0
clip_sgd,3,1.0,0.0037208991143058375,0.0
clip_sgd,3,0.3,0.02220874737254862,0.0
clip_sgd,3,3.0,0.0053312108452279365,0.0
clip_sgd,3,10.0,0.010841238423491722,0.0
clip_sgd,3,30.0,0.023933967620676247,0.0
clip_sgd,inf,0.01,0.8876200402107843,0.0
clip_sgd,inf,0.1,0.20140250795125844,0.0
clip_sgd,inf,0.03,0.6246516181226216,0.0
clip_sgd,inf,0.3,0.02736732725490701,0.0
clip_sgd,inf,1.0,0.004446495300006463,0.0
clip_sgd,inf,3.0,0.005962664131050322,0.0
clip_sgd,inf,10.0,0.012155235408947869,0.0
clip_sgd,inf,30.0,0.0260091914542238,0.0
