algorithm,alpha,rho,cos_theta_mode,cos_theta_q25,cos_theta_q75,theta_degrees,n_seeds
FP-SOMA,1.1,0.01,0.28769607599482583,0.2668008054732452,0.4319732045343352,73.27992638314836,8
FP-SOMA,1.1,0.02,0.28762997312466254,0.26668036406812606,0.4316829306957014,73.28388095155869,8
FP-SOMA,1.1,0.05,0.28752408978600064,0.2666986587415478,0.43174706729017465,73.29021519415839,8
FP-SOMA,1.1,0.1,0.28733861615135337,0.26650485886202274,0.43145900948920496,73.30131024816546,8
FP-SOMA,1.1,0.2,0.2874592041976942,0.26669620787577075,0.43121507981985685,73.29409673078948,8
FP-SOMA,1.1,0.5,0.28779044641775686,0.26690645183180184,0.4301683819927206,73.2742805816111,8
FP-SOMA,1.1,1.0,0.2867031870047809,0.26614833837923507,0.42860121572642573,73.33931680920689,8
FP-SOMA,1.6,0.01,0.6303670846678908,0.389251641994731,0.647122062616371,50.922789427674374,8
FP-SOMA,1.6,0.02,0.6302169610536802,0.389722547341367,0.6475043393608394,50.933868656531565,8
FP-SOMA,1.6,0.05,0.6286093896384504,0.3883034135155042,0.6489241876754472,51.05239981751565,8
FP-SOMA,1.6,0.1,0.6302263109862747,0.38796470203653566,0.6479996564392733,50.93317867568098,8
FP-SOMA,1.6,0.2,0.6320454221924319,0.3865529837819249,0.6471978009145645,50.79880818723667,8
FP-SOMA,1.6,0.5,0.7011264444252269,0.3861048098497497,0.6505846780923281,45.482551196363076,8
FP-SOMA,1.6,1.0,0.6306351420437017,0.38436080351502044,0.6478028836845012,50.90300227596231,8
FP-SOMA,2.0,0.01,0.7294276156270598,0.6497319177775802,0.7145405172006358,43.16156950482935,8
FP-SOMA,2.0,0.02,0.7305033734617111,0.6515009528018221,0.7148610732571121,43.07138976114266,8
FP-SOMA,2.0,0.05,0.7298928357823565,0.6488631173417898,0.7138727436289676,43.12258914726812,8
FP-SOMA,2.0,0.1,0.7280179760298635,0.6506549603314674,0.7177044492332137,43.27950966965445,8
FP-SOMA,2.0,0.2,0.6907919863471249,0.6548014704610156,0.7175863403990609,46.307165810830455,8
FP-SOMA,2.0,0.5,0.735476992296534,0.6546870615836249,0.7266822859883533,42.6524632907101,8
FP-SOMA,2.0,1.0,0.7159808710523008,0.6582655568278553,0.7148969792207156,44.27635712447219,8
FP-SOMA,3.0,0.01,0.7722532152018766,0.730252405116693,0.7721364822320979,39.44334097387142,8
FP-SOMA,3.0,0.02,0.7707377754637261,0.7284451981506184,0.771636607581616,39.57981325473356,8
FP-SOMA,3.0,0.05,0.7721072359472798,0.7292709201375558,0.7718756853629662,39.456504254114314,8
FP-SOMA,3.0,0.1,0.7710056642097536,0.7299324426745111,0.770705842575438,39.55571729548053,8
FP-SOMA,3.0,0.2,0.7742882315071384,0.7260513567262393,0.7738558082200444,39.25945431560494,8
FP-SOMA,3.0,0.5,0.7860920694108906,0.7295288659967228,0.7860134619744804,38.178205561818494,8
FP-SOMA,3.0,1.0,0.761573497571111,0.7213258788914987,0.7607258983177787,40.396888994200815,8
FSAM,1.1,0.01,0.978363301338268,0.5055881462728131,0.9767854885905506,11.940411983000446,8
FSAM,1.1,0.02,0.9788730662851197,0.5225724638114083,0.977093497520511,11.798409163666774,8
FSAM,1.1,0.05,0.9787773018371642,0.47377380000347646,0.9769849945847249,11.82521403217382,8
FSAM,1.1,0.1,0.9783716581317177,0.5317453060952703,0.9766951252754046,11.938097493256663,8
FSAM,1.1,0.2,0.9789010353569949,0.47674779322239563,0.9771309918815052,11.790569169192603,8
FSAM,1.1,0.5,0.9785977990814321,0.4982528670832403,0.9768825442373514,11.875296925902408,8
FSAM,1.1,1.0,0.9787698785069848,0.4870416916507797,0.976969549600943,11.827289352246396,8
FSAM,1.6,0.01,0.9958436629136491,0.9304307378664134,0.9838100655995162,5.225688871713357,8
FSAM,1.6,0.02,0.995853620548917,0.9306842916716516,0.9838105070340417,5.219421001197488,8
FSAM,1.6,0.05,0.9958449761312174,0.9298787468837693,0.9842371640462643,5.224862691265903,8
FSAM,1.6,0.1,0.9958470126500509,0.9308457861074655,0.9841229256053308,5.223581204829866,8
FSAM,1.6,0.2,0.995841412204129,0.931798260590867,0.9842983393608843,5.227104550680655,8
FSAM,1.6,0.5,0.995845423545464,0.9317218226914814,0.9842897348108111,5.22458118118954,8
FSAM,1.6,1.0,0.9958002523403535,0.9319501901043353,0.9842269721294878,5.252926688768422,8
FSAM,2.0,0.01,0.9708886537106676,0.9608036465160026,0.9745552586264683,13.858876310807585,8
FSAM,2.0,0.02,0.9708502633627849,0.9607976927835413,0.9745825309368059,13.868056285734164,8
FSAM,2.0,0.05,0.9708681439253912,0.9607244302711485,0.974392536038601,13.863781392140107,8
FSAM,2.0,0.1,0.9709039316602519,0.9607645723821254,0.9745525987616215,13.855221358912857,8
FSAM,2.0,0.2,0.9708518240168006,0.9607320540238483,0.9745513106212766,13.867683215275452,8
FSAM,2.0,0.5,0.9709332334117562,0.960828427033674,0.9745138036903233,13.848208839128406,8
FSAM,2.0,1.0,0.9708076814753746,0.9607970215139694,0.9745503506810712,13.878231586037106,8
FSAM,3.0,0.01,0.9767225127717771,0.9747437346462822,0.976713484005575,12.386589285624705,8
FSAM,3.0,0.02,0.9767079839840854,0.9747139282348218,0.9766898988679947,12.390469396662853,8
FSAM,3.0,0.05,0.9766529314179995,0.9746965865361966,0.9766519101768565,12.405161095897986,8
FSAM,3.0,0.1,0.9767453483379701,0.9747447835586258,0.9767448972942705,12.380488316727051,8
FSAM,3.0,0.2,0.9767051495980943,0.9747174034679286,0.976696595855159,12.391226218702974,8
FSAM,3.0,0.5,0.9766946334395912,0.9748104769847987,0.9766769742490231,12.394033787568963,8
FSAM,3.0,1.0,0.9766685434616564,0.9747889913435903,0.9766415347979523,12.400996501000682,8
FSAM+AdamW,1.1,0.01,0.9790744111122838,0.37424450928857805,0.9772422527412794,11.741855167182111,8
FSAM+AdamW,1.1,0.02,0.979074068456051,0.37424202442779775,0.9772416917406687,11.741951641030477,8
FSAM+AdamW,1.1,0.05,0.9790744644251118,0.37424834248731054,0.9772423045049818,11.741840157042878,8
FSAM+AdamW,1.1,0.1,0.9790739815200891,0.3742437963405225,0.9772416142752592,11.741976117469028,8
FSAM+AdamW,1.1,0.2,0.9790740065750068,0.3742858664041706,0.9772417691227193,11.741969063372071,8
FSAM+AdamW,1.1,0.5,0.9790730843739818,0.3742130789773659,0.9772402845939159,11.742228702079993,8
FSAM+AdamW,1.1,1.0,0.9790744142483183,0.374211165800737,0.9772423792947006,11.741854284237256,8
FSAM+AdamW,1.6,0.01,0.9956584202677528,0.931854639506175,0.9839092854262451,5.3409532068913785,8
FSAM+AdamW,1.6,0.02,0.995659005477604,0.9318829404661582,0.9839072049044303,5.340592975239624,8
FSAM+AdamW,1.6,0.05,0.9956570421342359,0.9318820079968487,0.9839117448763153,5.341801434780021,8
FSAM+AdamW,1.6,0.1,0.9956604940157601,0.9318037668776511,0.9839063764215332,5.339676581801234,8
FSAM+AdamW,1.6,0.2,0.9956594911488945,0.9318314835679014,0.983902800188396,5.340293997125257,8
FSAM+AdamW,1.6,0.5,0.9956596808096626,0.931714679689282,0.983863728196386,5.3401772378670005,8
FSAM+AdamW,1.6,1.0,0.9956594163894691,0.9315198786729724,0.9838873804076071,5.340340019940089,8
FSAM+AdamW,2.0,0.01,0.9674853838362263,0.958477930147441,0.972441032514772,14.650780687955677,8
FSAM+AdamW,2.0,0.02,0.9675299184195048,0.9584970164371883,0.9724368634826349,14.640688826453925,8
FSAM+AdamW,2.0,0.05,0.9674576464102735,0.9584516952401081,0.9724268565256879,14.657062756255423,8
FSAM+AdamW,2.0,0.1,0.9674971955194617,0.9584197976252885,0.9723622373216444,14.648104737019871,8
FSAM+AdamW,2.0,0.2,0.9675040159820428,0.958396063733349,0.9723764846680808,14.646559335293402,8
FSAM+AdamW,2.0,0.5,0.9673327842272876,0.9581542073026392,0.9722140932398236,14.685309427746413,8
FSAM+AdamW,2.0,1.0,0.9669865701604539,0.957887437833806,0.9718750116455466,14.763354469695086,8
FSAM+AdamW,3.0,0.01,0.9682580135342154,0.9679445578760948,0.9704653017770924,14.474721163861812,8
FSAM+AdamW,3.0,0.02,0.9681946249019725,0.9679666824116995,0.9704523525373758,14.489244379486733,8
FSAM+AdamW,3.0,0.05,0.9681119185022541,0.9678538524913071,0.9705124140988983,14.508172172123883,8
FSAM+AdamW,3.0,0.1,0.9696159820052483,0.9678115740021065,0.9702195621760273,14.160090989459404,8
FSAM+AdamW,3.0,0.2,0.969491346902533,0.9677211674045356,0.970080584228962,14.189252620409787,8
FSAM+AdamW,3.0,0.5,0.9669879686811916,0.9670286460146136,0.9695575601226218,14.763040020820508,8
FSAM+AdamW,3.0,1.0,0.9668572910845994,0.9664189862430025,0.9687063768547817,14.792393856272845,8
Lazy-SOMA,1.1,0.01,0.00697248380442395,0.0024367712107286,0.008302427032476675,89.60050286827777,8
Lazy-SOMA,1.1,0.02,0.0069398009668782505,0.00276869834528545,0.0082019747123282,89.60237550223871,8
Lazy-SOMA,1.1,0.05,0.0068767738098825994,0.0026865132613822,0.00818699605759915,89.60598677850396,8
Lazy-SOMA,1.1,0.1,0.0068982932069145,0.00382898842256935,0.008386253057181525,89.6047537786304,8
Lazy-SOMA,1.1,0.2,0.00399596317906785,0.003398316448095925,0.008491851097782676,89.77104756543885,8
Lazy-SOMA,1.1,0.5,0.016180154837109252,0.00185660125388185,0.0124757748569079,89.07290496111774,8
Lazy-SOMA,1.1,1.0,0.006169249112799,0.0030949306037900996,0.0089209299001642,89.6465258208646,8
Lazy-SOMA,1.6,0.01,0.0091358285382435,0.0082889728678993,0.034604785857521574,89.47654830072473,8
Lazy-SOMA,1.6,0.02,0.0097135099860172,0.008807817023726851,0.03462430774837755,89.44344812131963,8
Lazy-SOMA,1.6,0.05,0.014232553187334601,0.009259532000794251,0.031947434594789874,89.1845072372972,8
Lazy-SOMA,1.6,0.1,0.01827387890186865,0.014050248133682925,0.03331799938060262,88.95292558233686,8
Lazy-SOMA,1.6,0.2,0.0044798066865323,0.007836360845388975,0.045429835031259025,89.74332512530187,8
Lazy-SOMA,1.6,0.5,0.04039954172023885,0.008710037474628125,0.04498229832577388,87.68464665010588,8
Lazy-SOMA,1.6,1.0,0.0268811151217433,0.011611336046089675,0.03189960244079147,88.4596400076865,8
Lazy-SOMA,2.0,0.01,0.02242549677118845,-0.00174594499428605,0.021878656226552325,88.71500596163672,8
Lazy-SOMA,2.0,0.02,0.0103007196154811,-0.0056652255362136,0.019632865126354926,89.4098018026255,8
Lazy-SOMA,2.0,0.05,0.00458094743804535,0.0010004578817288,0.02158499717544735,89.73753012763143,8
Lazy-SOMA,2.0,0.1,0.008221873889175349,0.0042519742763691745,0.02279898428348235,89.5289160188756,8
Lazy-SOMA,2.0,0.2,0.04672249682387355,0.03028088983874065,0.05190215485021585,87.32202318683207,8
Lazy-SOMA,2.0,0.5,0.04563607336028505,0.04238428285613115,0.0700960039327806,87.38433714769036,8
Lazy-SOMA,2.0,1.0,0.05489350304552055,0.05301455751895533,0.10110317805283181,86.85325225403943,8
Lazy-SOMA,3.0,0.01,0.0038748791722678,0.00171754032387255,0.019081202806442175,89.7779852217231,8
Lazy-SOMA,3.0,0.02,0.0126680306953528,0.0031940933611880997,0.02265577485643945,89.27415589174167,8
Lazy-SOMA,3.0,0.05,-0.0024437076357475,0.005966964674728625,0.03143537537424268,90.14001427324649,8
Lazy-SOMA,3.0,0.1,0.02368947535809235,0.01648661447854135,0.04369159803740015,88.64256605956862,8
Lazy-SOMA,3.0,0.2,0.05391617817452175,0.033056633753798546,0.0522049353299521,86.9093319028235,8
Lazy-SOMA,3.0,0.5,0.08507536332764634,0.06799418379763184,0.1081636871132105,85.11964143198186,8
Lazy-SOMA,3.0,1.0,0.029994193550132952,0.03973374128304685,0.09373155807139105,88.28120151397393,8
MSAM,1.1,0.01,-0.012528208005146,-0.04283895093846617,-0.009381645575812624,90.71783222240391,8
MSAM,1.1,0.02,-0.007043155813038099,-0.021761204456804073,-0.0038667179954670504,90.4035464389774,8
MSAM,1.1,0.05,-0.010162594289606,-0.05671903647749332,-0.007457057304993424,90.5822837848736,8
MSAM,1.1,0.1,-0.0187323869472664,-0.026454406798707,-0.00033462373348125017,91.07334949199782,8
MSAM,1.1,0.2,-0.033147897000566,-0.032017352099395,-0.00200278239385815,91.89958257775919,8
MSAM,1.1,0.5,-0.015625721750951598,-0.054173394221380074,-0.01172608685236795,90.89532434490269,8
MSAM,1.1,1.0,-0.004174923477971449,-0.024224625394932198,-0.004259809503450175,90.23920618997471,8
MSAM,1.6,0.01,0.005127427737538,-0.02438347875918865,0.00784768165982895,89.7062187435944,8
MSAM,1.6,0.02,-0.0032555112429454,-0.023409204761678452,0.0034551418308024,90.18652738385968,8
MSAM,1.6,0.05,0.007564002758304,-0.024648612163319098,0.008957624468130825,89.56661043298848,8
MSAM,1.6,0.1,0.00232884162376585,-0.028803350837142826,0.004495543202449125,89.86656708319133,8
MSAM,1.6,0.2,-0.0136630032387142,-0.023953766370614325,0.0025538978895314484,90.7828567793186,8
MSAM,1.6,0.5,-0.015242058163547501,-0.024790677972029825,0.0071218341629568,90.87333942184183,8
MSAM,1.6,1.0,-0.02256228497311495,-0.030773447096231175,0.0007434143124777502,91.29283340854107,8
MSAM,2.0,0.01,0.007132628148048201,-0.01789321933239715,0.0244713405987834,89.59132704506652,8
MSAM,2.0,0.02,0.006416295570899851,-0.017524934842032776,0.025188104470135125,89.63237082117118,8
MSAM,2.0,0.05,0.0068543368925504,-0.018538809572649577,0.024986738863979775,89.607272349471,8
MSAM,2.0,0.1,0.00537213916082715,-0.018085630772510276,0.022736966391357374,89.69219761859229,8
MSAM,2.0,0.2,0.0068219966105828,-0.017787052889457724,0.024318724783458902,89.60912535446033,8
MSAM,2.0,0.5,0.006691646279977001,-0.01800925843941975,0.024352700393234873,89.6165940487597,8
MSAM,2.0,1.0,0.00609298318026945,-0.01631068479822075,0.023323184286931774,89.65089561905263,8
MSAM,3.0,0.01,-0.0166426671557448,-0.01651725229172975,0.002390560951148475,90.95359861235187,8
MSAM,3.0,0.02,-0.01680353709616985,-0.016801583460368474,0.0033470565852217497,90.96281707011566,8
MSAM,3.0,0.05,-0.01679462803326025,-0.016500981451076476,0.00344745552733995,90.9623065463692,8
MSAM,3.0,0.1,-0.016832692327296,-0.01659265945076535,0.00423500248658375,90.96448777810572,8
MSAM,3.0,0.2,-0.0166337589561111,-0.0164225498019744,0.00400787997520795,90.95308813944777,8
MSAM,3.0,0.5,-0.016836180018692352,-0.016702739544025427,0.003653825084121975,90.96468763642473,8
MSAM,3.0,1.0,-0.0175438554160416,-0.01708547491574,0.003665840483776125,91.00524044285828,8
MSOMA,1.1,0.01,-0.015310025729928099,-0.021479780791042423,-0.0008916338821525998,90.8772341309962,8
MSOMA,1.1,0.02,-0.01533000954651135,-0.021488976240801077,-0.00089369385398005,90.87837925373472,8
MSOMA,1.1,0.05,-0.01530488530781395,-0.0215232662565962,-0.000894797963017975,90.87693957199185,8
MSOMA,1.1,0.1,-0.0152427470519148,-0.0215271283205716,-0.0008762667736993751,90.87337889682372,8
MSOMA,1.1,0.2,-0.015231883487651799,-0.0214965115504823,-0.0008823416320412748,90.87275638817108,8
MSOMA,1.1,0.5,-0.015226299284935199,-0.021488869005416775,-0.0008481810567120499,90.87243639981463,8
MSOMA,1.1,1.0,-0.015232164267028149,-0.0213850627613334,-0.000740916714291575,90.8727724775109,8
MSOMA,1.6,0.01,-0.0122929742401758,-0.0351170786792888,-0.0021489049635253004,90.70435328236921,8
MSOMA,1.6,0.02,-0.0117568183943498,-0.03528278600205085,-0.0023661253431544,90.67363159364427,8
MSOMA,1.6,0.05,-0.01203785839656775,-0.03547857053991078,-0.0020019414666418997,90.68973513944063,8
MSOMA,1.6,0.1,-0.011711004092010799,-0.034927346078891024,-0.0016244547990906001,90.6710064467512,8
MSOMA,1.6,0.2,-0.00714414289131955,-0.0333077636381192,-0.0021874717155733253,90.40933271793494,8
MSOMA,1.6,0.5,-0.0065651107727579,-0.03208644445416602,-0.0012290046741645997,90.37615584144329,8
MSOMA,1.6,1.0,-0.00670962123033445,-0.03222888864172312,-0.0012689178553431748,90.38443586315378,8
MSOMA,2.0,0.01,-0.017713211399389348,-0.017571626574175575,0.015107203702916825,91.01494533403935,8
MSOMA,2.0,0.02,-0.01706324955925205,-0.016955071971924574,0.015261140667527201,90.97769963204355,8
MSOMA,2.0,0.05,-0.01862244618598655,-0.018392080026393927,0.0148008975214145,91.06704925137447,8
MSOMA,2.0,0.1,-0.01826174562636975,-0.018184766606835125,0.016559795196405,91.04637911616015,8
MSOMA,2.0,0.2,-0.0007506248909005743,-0.017211545893050025,0.01520285289288855,90.04300764228476,8
MSOMA,2.0,0.5,0.0023678844424668,-0.0138064551883262,0.016846513009478776,89.86433008829103,8
MSOMA,2.0,1.0,0.0026781988562948,-0.011247126130230725,0.0171148366416035,89.8465503253945,8
MSOMA,3.0,0.01,-0.02508897320385205,-0.027169299530025677,0.00622009322514385,91.43764312612487,8
MSOMA,3.0,0.02,-0.0236484750133471,-0.02646812785978785,0.007294868234916849,91.35508413542219,8
MSOMA,3.0,0.05,-0.03247596049959975,-0.02669369285340245,0.00779604988453115,91.8610627101602,8
MSOMA,3.0,0.1,-0.02348996263002975,-0.026519569565809274,0.006028913312699725,91.34599952120921,8
MSOMA,3.0,0.2,-0.03152971092489815,-0.028035795443064924,0.0067948291591627,91.80681881622058,8
MSOMA,3.0,0.5,-0.030275298770078847,-0.0271377797238779,0.00812827536147895,91.73491194678348,8
MSOMA,3.0,1.0,-0.0305810065942265,-0.0275920662018772,0.006303661489601,91.7524358292586,8
OP-SOMA PostNS5,1.1,0.01,-0.0032400159540195003,-0.0149632504051617,0.0009590226726858501,90.18563956451952,8
OP-SOMA PostNS5,1.1,0.02,-0.0029658647941046,-0.014799997171541426,0.0010222753099395749,90.16993178443929,8
OP-SOMA PostNS5,1.1,0.05,-0.0031694605241332496,-0.015109804359458774,0.001287897529639389,90.18159701540523,8
OP-SOMA PostNS5,1.1,0.1,-0.00323523010447885,-0.015068522582967125,0.0022066369078807503,90.18536535410229,8
OP-SOMA PostNS5,1.1,0.2,-0.0030834625532125,-0.01569007010181115,0.005137566069712325,90.17666967054139,8
OP-SOMA PostNS5,1.1,0.5,0.0078803653690104,-0.01476162181605245,0.0076635665045124,89.5484836500463,8
OP-SOMA PostNS5,1.1,1.0,-0.0081844085568076,-0.014766571254429674,0.0101062763616581,90.46893730347372,8
OP-SOMA PostNS5,1.6,0.01,0.00660822650169965,-0.005492316048786225,0.0234232856091764,89.62137375566871,8
OP-SOMA PostNS5,1.6,0.02,0.0077633710648177,-0.005844169266129176,0.02340189121897375,89.55518713497561,8
OP-SOMA PostNS5,1.6,0.05,0.0092602653428569,-0.004010116086794175,0.023969005774247452,89.46941829537958,8
OP-SOMA PostNS5,1.6,0.1,0.01069498845969915,-0.00786526725379345,0.021762161505503076,89.38721061684748,8
OP-SOMA PostNS5,1.6,0.2,0.019474895964247,-0.00636060933978205,0.023026823717116875,88.88410010902629,8
OP-SOMA PostNS5,1.6,0.5,0.02516436901306325,-0.00660383956090985,0.024302617935911028,88.55803564789582,8
OP-SOMA PostNS5,1.6,1.0,0.019594976537485098,0.00015097892166645015,0.0191602020905649,88.87721868582601,8
OP-SOMA PostNS5,2.0,0.01,-0.02017463714582305,-0.019744921500156623,0.013021331900118574,91.15599998912089,8
OP-SOMA PostNS5,2.0,0.02,-0.01084951307007755,-0.02190817882459475,0.01483948947054995,90.6216435049041,8
OP-SOMA PostNS5,2.0,0.05,-0.0215611325645939,-0.02116453762422965,0.015206421666919951,91.23545763384412,8
OP-SOMA PostNS5,2.0,0.1,-0.0208853103999175,-0.020650028630907452,0.011376309106600275,91.19672715179489,8
OP-SOMA PostNS5,2.0,0.2,-0.020262665017531198,-0.019805197044308,0.00976328738024645,91.16104464586864,8
OP-SOMA PostNS5,2.0,0.5,-0.03041055949786865,-0.02078259857575475,0.00826274841131585,91.74266538571739,8
OP-SOMA PostNS5,2.0,1.0,-0.02792423218265485,-0.026999009031605525,-0.001214266397581675,91.60014865222263,8
OP-SOMA PostNS5,3.0,0.01,-0.00085251406495135,-0.00209990192654205,0.019572177758046976,90.04884546381392,8
OP-SOMA PostNS5,3.0,0.02,-0.00112639350527525,-0.0021690899825182,0.01908661318430835,90.06453760757037,8
OP-SOMA PostNS5,3.0,0.05,-0.0068085032193020995,-0.000881527433501625,0.02274281337000945,90.39010151321267,8
OP-SOMA PostNS5,3.0,0.1,-0.00682546642960255,-0.00195976137594375,0.022556003946429676,90.39107345615386,8
OP-SOMA PostNS5,3.0,0.2,0.00029618045302415,-0.0013610030592795,0.0212427585729064,89.98303010981934,8
OP-SOMA PostNS5,3.0,0.5,0.0058917877624461,0.003983037389358325,0.0177563187189949,89.66242347434765,8
OP-SOMA PostNS5,3.0,1.0,-0.014979850844587899,-0.007859292487259775,0.0145391300779464,90.85831433354555,8
OP-SOMA PreNS5,1.1,0.01,0.007451651620561901,-0.009808890169126875,0.008009899921743726,89.57304786044129,8
OP-SOMA PreNS5,1.1,0.02,0.00736405890217335,-0.0097929245234277,0.007955662646021475,89.578066691232,8
OP-SOMA PreNS5,1.1,0.05,0.008488880831918798,-0.01053484099097415,0.0082446791523796,89.51361711387483,8
OP-SOMA PreNS5,1.1,0.1,0.00970608004695965,-0.01141258222092455,0.009531807039671126,89.4438738455388,8
OP-SOMA PreNS5,1.1,0.2,0.0112928754782946,-0.012101942452940875,0.01045205347696945,89.35295214313167,8
OP-SOMA PreNS5,1.1,0.5,-0.00051595532346305,-0.00942974077171865,0.011789894594688176,90.02956206376336,8
OP-SOMA PreNS5,1.1,1.0,0.0008967576523314,-0.006759408776823975,0.0145135940332108,89.94861956438888,8
OP-SOMA PreNS5,1.6,0.01,0.0055178667687948,-0.00043083763343942515,0.023454634997912175,89.6838479179127,8
OP-SOMA PreNS5,1.6,0.02,0.0054951593433443,-0.00059410931270215,0.02307512451511945,89.68514897727997,8
OP-SOMA PreNS5,1.6,0.05,0.00625265725632985,-0.0002639394108136751,0.022872449927826874,89.64174679408325,8
OP-SOMA PreNS5,1.6,0.1,-0.0021326386664506,-0.00154599809962275,0.0204712661994106,90.12219128743816,8
OP-SOMA PreNS5,1.6,0.2,0.00301400495288545,-0.00022873355057640007,0.025039224721033773,89.82730997530827,8
OP-SOMA PreNS5,1.6,0.5,-0.0026759937397013997,-0.00010967469186139991,0.01628793653660795,90.15332333027862,8
OP-SOMA PreNS5,1.6,1.0,0.00411775360789015,0.00196875693451635,0.0220619935381901,89.76406943045427,8
OP-SOMA PreNS5,2.0,0.01,-0.0100813650215975,-0.019165371430304227,0.014304767363840249,90.57762945220779,8
OP-SOMA PreNS5,2.0,0.02,-0.01893585144182105,-0.018585159791216926,0.014117330757295975,91.08500921701254,8
OP-SOMA PreNS5,2.0,0.05,-0.019469425780360747,-0.019093301119003574,0.01537764202346575,91.1155864130883,8
OP-SOMA PreNS5,2.0,0.1,-0.0187297010930097,-0.0186483010916353,0.012434272448547326,91.07319557688143,8
OP-SOMA PreNS5,2.0,0.2,-0.01730909870582465,-0.017306915912025926,0.014652595834196876,90.99178783130577,8
OP-SOMA PreNS5,2.0,0.5,-0.008559114363049299,-0.017926035033915374,-0.001590981989776875,90.49040711724011,8
OP-SOMA PreNS5,2.0,1.0,-0.0012688380784825499,-0.04100320217733205,0.0018344019600946252,90.07269908628953,8
OP-SOMA PreNS5,3.0,0.01,-0.00280959034171535,0.0004332007334805249,0.0170032216492398,90.1609778805293,8
OP-SOMA PreNS5,3.0,0.02,0.00232069728192785,0.001073074763702925,0.0176131690938942,89.86703372086654,8
OP-SOMA PreNS5,3.0,0.05,-0.0031178154816915,0.0011046992256376498,0.02056738070675275,90.1786379578188,8
OP-SOMA PreNS5,3.0,0.1,0.00133949355627105,0.0017639117930993752,0.02087583733671055,89.92325264959013,8
OP-SOMA PreNS5,3.0,0.2,0.00294744077527845,0.0014964821415876,0.020568829226022125,89.83112383869518,8
OP-SOMA PreNS5,3.0,0.5,-0.00012372710754470634,-3.70140898413595e-05,0.01804512381264615,90.00708904109176,8
OP-SOMA PreNS5,3.0,1.0,-0.011900132623667,-0.012703178792879976,0.027691947324653726,90.6818434686288,8
RandSAM-Muon,1.1,0.01,-0.0116933847138689,-0.017235746531840176,0.003364266152537825,90.66999686161668,8
RandSAM-Muon,1.1,0.02,-0.01173027272727965,-0.0170376542818391,0.00338191391469475,90.67211053406783,8
RandSAM-Muon,1.1,0.05,-0.0117299328505743,-0.017075464331190775,0.003312136155339575,90.67209105922717,8
RandSAM-Muon,1.1,0.1,-0.011749961790926949,-0.017143500013458376,0.0034918905540903492,90.67323871206865,8
RandSAM-Muon,1.1,0.2,-0.01181881773264595,-0.016965624842004326,0.00342674197350155,90.67718414088833,8
RandSAM-Muon,1.1,0.5,-0.0118882105475147,-0.0169192583116951,0.0033698475141827507,90.68116033565866,8
RandSAM-Muon,1.1,1.0,-0.01180383387035995,-0.016901721039631674,0.0032736689885850003,90.67632556892785,8
RandSAM-Muon,1.6,0.01,-0.0022264782674494,-0.008687194437260175,-0.00014921004667274996,90.12756791329933,8
RandSAM-Muon,1.6,0.02,-0.0023944122637025,-0.008716420817543424,-0.00029858803117744997,90.13718984821443,8
RandSAM-Muon,1.6,0.05,-0.00232639735385415,-0.0085503629932916,-8.377604533597497e-05,90.13329287007937,8
RandSAM-Muon,1.6,0.1,0.00060473476834775,-0.008594997693434775,0.000537067856064575,89.965351247937,8
RandSAM-Muon,1.6,0.2,0.0005040550091426,-0.008642681026591674,0.0004912785930358,89.97111977411076,8
RandSAM-Muon,1.6,0.5,-0.00245189680244745,-0.008640777248746675,0.0008291598040826,90.14048347934182,8
RandSAM-Muon,1.6,1.0,-0.0024625860039278,-0.008678084684820325,0.0014777167588967,90.14109592732201,8
RandSAM-Muon,2.0,0.01,-0.0127599996174034,-0.0189316565463544,-0.00750320447806535,90.73111396528341,8
RandSAM-Muon,2.0,0.02,-0.012385964287731852,-0.019029474852516874,-0.0069689545538706,90.70968162530167,8
RandSAM-Muon,2.0,0.05,-0.0126867647240124,-0.018068453191052027,-0.0069903675244323,90.72691757529918,8
RandSAM-Muon,2.0,0.1,-0.0126700851004723,-0.018827420647715,-0.006840204014870449,90.72596182644867,8
RandSAM-Muon,2.0,0.2,-0.01027174309713765,-0.017768130637912227,-0.00701540176562095,90.58853787732968,8
RandSAM-Muon,2.0,0.5,-0.013135953154210199,-0.018348812623343175,-0.00752522131823205,90.75265632222715,8
RandSAM-Muon,2.0,1.0,-0.01305511282481025,-0.018751208911610823,-0.006243560373252525,90.74802411532431,8
RandSAM-Muon,3.0,0.01,0.00809431834938465,-0.020943919252138826,0.007711536193309975,89.5362246561796,8
RandSAM-Muon,3.0,0.02,0.0080384788725966,-0.02077820566740995,0.0079301098377324,89.53942412662151,8
RandSAM-Muon,3.0,0.05,0.00811164468167455,-0.020365914420442173,0.007751454146346925,89.53523189787298,8
RandSAM-Muon,3.0,0.1,0.00779528926601465,-0.020729732867470426,0.007582739428305425,89.55335830141779,8
RandSAM-Muon,3.0,0.2,0.008380673688943751,-0.021318954593562926,0.008220084001818275,89.51981714703955,8
RandSAM-Muon,3.0,0.5,0.00896625321181025,-0.022607451482209648,0.008733069812419676,89.48626464924686,8
RandSAM-Muon,3.0,1.0,0.008642761237670549,-0.021325684677208273,0.008535787950657174,89.50480009259392,8
SAM,1.1,0.01,1.0000000000000002,1.0,1.0000000000000002,0.0,8
SAM,1.1,0.02,1.0,1.0,1.0000000000000002,0.0,8
SAM,1.1,0.05,1.0000000000000002,0.9999999999999998,1.0000000000000002,0.0,8
SAM,1.1,0.1,1.0,1.0,1.0,0.0,8
SAM,1.1,0.2,0.9999999999999998,1.0,1.0000000000000002,1.2074182697257333e-06,8
SAM,1.1,0.5,0.9999999999999998,1.0,1.0000000000000002,1.2074182697257333e-06,8
SAM,1.1,1.0,1.0,1.0,1.0,0.0,8
SAM,1.6,0.01,1.0,0.9999999999999999,1.0,0.0,8
SAM,1.6,0.02,1.0,1.0,1.0000000000000002,0.0,8
SAM,1.6,0.05,1.0,0.9999999999999998,1.0,0.0,8
SAM,1.6,0.1,0.9999999999999998,0.9999999999999998,1.0000000000000002,1.2074182697257333e-06,8
SAM,1.6,0.2,0.9999999999999998,1.0,1.0000000000000002,1.2074182697257333e-06,8
SAM,1.6,0.5,1.0,1.0,1.0,0.0,8
SAM,1.6,1.0,1.0,1.0,1.0000000000000002,0.0,8
SAM,2.0,0.01,1.0,1.0,1.0,0.0,8
SAM,2.0,0.02,1.0,1.0,1.0,0.0,8
SAM,2.0,0.05,1.0000000000000002,1.0,1.0000000000000002,0.0,8
SAM,2.0,0.1,1.0,0.9999999999999998,1.0,0.0,8
SAM,2.0,0.2,1.0,1.0,1.0000000000000004,0.0,8
SAM,2.0,0.5,1.0,1.0,1.0000000000000002,0.0,8
SAM,2.0,1.0,1.0,1.0,1.0000000000000002,0.0,8
SAM,3.0,0.01,1.0,1.0,1.0,0.0,8
SAM,3.0,0.02,1.0000000000000002,1.0,1.0000000000000002,0.0,8
SAM,3.0,0.05,1.0,1.0,1.0,0.0,8
SAM,3.0,0.1,1.0,0.9999999999999998,1.0000000000000002,0.0,8
SAM,3.0,0.2,1.0,1.0,1.0,0.0,8
SAM,3.0,0.5,1.0,0.9999999999999998,1.0,0.0,8
SAM,3.0,1.0,1.0,0.9999999999999999,1.0,0.0,8
SAM+AdamW,1.1,0.01,1.0,1.0,1.0,0.0,8
SAM+AdamW,1.1,0.02,1.0,1.0,1.0000000000000002,0.0,8
SAM+AdamW,1.1,0.05,1.0,0.9999999999999999,1.0,0.0,8
SAM+AdamW,1.1,0.1,1.0000000000000002,1.0,1.0000000000000002,0.0,8
SAM+AdamW,1.1,0.2,0.9999999999999998,0.9999999999999998,1.0000000000000002,1.2074182697257333e-06,8
SAM+AdamW,1.1,0.5,1.0,1.0,1.0000000000000004,0.0,8
SAM+AdamW,1.1,1.0,1.0,1.0,1.0000000000000002,0.0,8
SAM+AdamW,1.6,0.01,1.0,0.9999999999999999,1.0,0.0,8
SAM+AdamW,1.6,0.02,1.0000000000000002,0.9999999999999998,1.0000000000000002,0.0,8
SAM+AdamW,1.6,0.05,1.0,1.0,1.0000000000000002,0.0,8
SAM+AdamW,1.6,0.1,1.0,1.0,1.0000000000000004,0.0,8
SAM+AdamW,1.6,0.2,1.0,1.0,1.0000000000000002,0.0,8
SAM+AdamW,1.6,0.5,1.0000000000000002,0.9999999999999999,1.0000000000000002,0.0,8
SAM+AdamW,1.6,1.0,1.0,1.0,1.0000000000000002,0.0,8
SAM+AdamW,2.0,0.01,1.0,1.0,1.0000000000000002,0.0,8
SAM+AdamW,2.0,0.02,1.0,1.0,1.0000000000000002,0.0,8
SAM+AdamW,2.0,0.05,1.0,1.0,1.0,0.0,8
SAM+AdamW,2.0,0.1,1.0,1.0,1.0,0.0,8
SAM+AdamW,2.0,0.2,1.0,1.0,1.0000000000000002,0.0,8
SAM+AdamW,2.0,0.5,0.9999999999999998,0.9999999999999998,1.0000000000000002,1.2074182697257333e-06,8
SAM+AdamW,2.0,1.0,1.0,1.0,1.0,0.0,8
SAM+AdamW,3.0,0.01,0.9999999999999998,1.0,1.0000000000000002,1.2074182697257333e-06,8
SAM+AdamW,3.0,0.02,1.0,1.0,1.0000000000000002,0.0,8
SAM+AdamW,3.0,0.05,1.0,1.0,1.0,0.0,8
SAM+AdamW,3.0,0.1,1.0,1.0,1.0000000000000002,0.0,8
SAM+AdamW,3.0,0.2,1.0,1.0,1.0,0.0,8
SAM+AdamW,3.0,0.5,1.0,1.0,1.0000000000000002,0.0,8
SAM+AdamW,3.0,1.0,0.9999999999999998,1.0,1.0000000000000002,1.2074182697257333e-06,8
SOMA,1.1,0.01,0.00199537453137885,-0.017912738165180873,0.001716875148539275,89.88567338493841,8
SOMA,1.1,0.02,0.00177403900597545,-0.017666593813536823,0.0016063179570180248,89.89835499894954,8
SOMA,1.1,0.05,0.0017049427737542,-0.0178282056479837,0.0014915206013099498,89.90231392742639,8
SOMA,1.1,0.1,0.00108991410034595,-0.01793059811061115,0.001647170244044875,89.93755250965468,8
SOMA,1.1,0.2,0.0018208334713217,-0.018869577149012023,0.0025202751242478,89.89567386924932,8
SOMA,1.1,0.5,-0.00429754577017245,-0.016174068872351975,0.00491550179559815,90.24623199283815,8
SOMA,1.1,1.0,-0.00161709536062305,-0.01073700607996685,0.00487231735437045,90.09265277961505,8
SOMA,1.6,0.01,0.006595135367371999,-0.0057037109681918,0.02423048704668225,89.62212383876005,8
SOMA,1.6,0.02,-0.012000297783627701,-0.0050277390512005245,0.0230382809922781,90.68758291938455,8
SOMA,1.6,0.05,-0.011063685048297599,-0.004323641735586425,0.025177023444063473,90.63391539199365,8
SOMA,1.6,0.1,0.0201637640038885,-0.0054614605865749245,0.02528422027524755,88.84462312277482,8
SOMA,1.6,0.2,0.020069964577372652,-0.00360472248740525,0.0245230275219355,88.84999852182733,8
SOMA,1.6,0.5,0.0252520022781487,-0.0059609571614716245,0.025236786565385153,88.55301303559018,8
SOMA,1.6,1.0,0.012608168338596348,-0.0029371107216178997,0.02311450139643795,89.27758602608017,8
SOMA,2.0,0.01,-0.0074264887991382,-0.018509968697236975,0.014015777100812926,90.42551037619648,8
SOMA,2.0,0.02,-0.0072550053999849,-0.0186448470483963,0.014487797551015424,90.41568483642054,8
SOMA,2.0,0.05,-0.02106468787980855,-0.015961402900371124,0.01321224978957395,91.20700698590444,8
SOMA,2.0,0.1,-0.01407540190293775,-0.01627712775800115,0.01136326749715905,90.80648775529791,8
SOMA,2.0,0.2,-0.0209278765785967,-0.018775684385276974,0.009202145245512825,91.19916654735404,8
SOMA,2.0,0.5,-0.02091280561937625,-0.019841487146155024,0.010399096311315175,91.19830285597494,8
SOMA,2.0,1.0,-0.0072470526583633,-0.028150157823666103,-0.0016315311977167998,90.4152291659109,8
SOMA,3.0,0.01,-0.000454992412345,0.00023536094528269999,0.0216985110353038,90.02606914583731,8
SOMA,3.0,0.02,0.00211322679591725,0.002667846984539075,0.0227548628962827,89.87892093332219,8
SOMA,3.0,0.05,0.0015078995506817,0.00253729093846945,0.025305545851384927,89.91360368707548,8
SOMA,3.0,0.1,0.00205933586323365,0.002506390522007775,0.0266088394468355,89.88200866303914,8
SOMA,3.0,0.2,-0.0001387256597174,0.0048436271648484505,0.023492492653427826,90.00794839483747,8
SOMA,3.0,0.5,-0.0123138678359813,-0.011969977508249002,0.03078015214743605,90.70555048784416,8
SOMA,3.0,1.0,0.0194646189956473,-0.0019807609425955258,0.02657711951698595,88.88468904758872,8
SpecSAM-Muon,1.1,0.01,0.2577876572836642,0.26532694531336964,0.538910765858441,75.06117004786815,8
SpecSAM-Muon,1.1,0.02,0.2575654080972921,0.26494885207855573,0.538548560612542,75.07434902606504,8
SpecSAM-Muon,1.1,0.05,0.25796608852596675,0.2655217626148252,0.5383554350520684,75.05058880986034,8
SpecSAM-Muon,1.1,0.1,0.2576615564746687,0.265029364144723,0.536792116692735,75.06864769892175,8
SpecSAM-Muon,1.1,0.2,0.25736121607476303,0.2644603781488171,0.5370665157238865,75.0864565346189,8
SpecSAM-Muon,1.1,0.5,0.25675116051033975,0.2634765431226784,0.5360009798964475,75.1226255514714,8
SpecSAM-Muon,1.1,1.0,0.2567730928413307,0.2634633916706547,0.5344839528071004,75.12132533110163,8
SpecSAM-Muon,1.6,0.01,0.682617984933177,0.4052865748489288,0.7003788028673118,46.95143809423757,8
SpecSAM-Muon,1.6,0.02,0.6828169839235347,0.4056580426429041,0.700272216378675,46.93583377464639,8
SpecSAM-Muon,1.6,0.05,0.742852209437981,0.40483504808578274,0.7017851731744755,42.025049810989074,8
SpecSAM-Muon,1.6,0.1,0.7360173144391082,0.4042534864044013,0.7013173807070447,42.60675211600666,8
SpecSAM-Muon,1.6,0.2,0.7382799408496394,0.40545752691170733,0.7039998375246723,42.414901676454505,8
SpecSAM-Muon,1.6,0.5,0.7465612537635695,0.40624601573621355,0.7017415992006304,41.70662536457672,8
SpecSAM-Muon,1.6,1.0,0.7313395527552762,0.40553981153740426,0.6936060903473085,43.00118865559811,8
SpecSAM-Muon,2.0,0.01,0.7210232260390741,0.6713806841187521,0.7504816467752646,43.8609753864099,8
SpecSAM-Muon,2.0,0.02,0.7775135753059323,0.6706176320071087,0.7507482100950378,38.96651892120131,8
SpecSAM-Muon,2.0,0.05,0.7765658993089217,0.671669545724184,0.7539145088247352,39.05278110299732,8
SpecSAM-Muon,2.0,0.1,0.7186686658292982,0.6698951853740116,0.7512886473490572,44.05532786503703,8
SpecSAM-Muon,2.0,0.2,0.7242161606488369,0.6711670373286878,0.7507424174182014,43.59631935683323,8
SpecSAM-Muon,2.0,0.5,0.7288506021691823,0.6842350783709883,0.7544935964065418,43.209877666748774,8
SpecSAM-Muon,2.0,1.0,0.7407305396895736,0.689847169621638,0.748792738560594,42.20631642473701,8
SpecSAM-Muon,3.0,0.01,0.7959135845909882,0.7497083712665413,0.7903238572492074,37.25836864174145,8
SpecSAM-Muon,3.0,0.02,0.7856163990606573,0.7513267693384871,0.788045646969942,38.22227637121971,8
SpecSAM-Muon,3.0,0.05,0.7840622332535256,0.751826398961649,0.786680675838059,38.365970698615435,8
SpecSAM-Muon,3.0,0.1,0.7858387934210338,0.753449518913123,0.7857189967038409,38.20167691813157,8
SpecSAM-Muon,3.0,0.2,0.7897103420384022,0.7541216930156525,0.7894645322555015,37.84154925590574,8
SpecSAM-Muon,3.0,0.5,0.8111771569206724,0.7674551125631078,0.8056959410300744,35.78889721779126,8
SpecSAM-Muon,3.0,1.0,0.791828797146183,0.7568920207602035,0.7938548681007195,37.643254639955515,8
