algorithm,alpha,rho,cos_theta_mean,cos_theta_q25,cos_theta_q75,theta_degrees,n_seeds
FP-SOMA,1.1,0.01,0.3369852288671811,0.2668008054732452,0.4319732045343352,70.30669601117921,8
FP-SOMA,1.1,0.02,0.3368924162010989,0.26668036406812606,0.4316829306957014,70.3123440453194,8
FP-SOMA,1.1,0.05,0.33680165043442967,0.2666986587415478,0.43174706729017465,70.3178673245072,8
FP-SOMA,1.1,0.1,0.3366889216752973,0.26650485886202274,0.43145900948920496,70.32472683075471,8
FP-SOMA,1.1,0.2,0.33639206212359457,0.26669620787577075,0.43121507981985685,70.3427892280485,8
FP-SOMA,1.1,0.5,0.3361017164546994,0.26690645183180184,0.4301683819927206,70.36045332128872,8
FP-SOMA,1.1,1.0,0.3351818738098355,0.26614833837923507,0.42860121572642573,70.41640202703547,8
FP-SOMA,1.6,0.01,0.5155946218826792,0.389251641994731,0.647122062616371,58.96279137400878,8
FP-SOMA,1.6,0.02,0.5155097033663136,0.389722547341367,0.6475043393608394,58.96846964448409,8
FP-SOMA,1.6,0.05,0.5147226913485788,0.3883034135155042,0.6489241876754472,59.021078907665824,8
FP-SOMA,1.6,0.1,0.5153908139431245,0.38796470203653566,0.6479996564392733,58.976418888470846,8
FP-SOMA,1.6,0.2,0.513786627622862,0.3865529837819249,0.6471978009145645,59.08361407438445,8
FP-SOMA,1.6,0.5,0.5143170549380711,0.3861048098497497,0.6505846780923281,59.04818309280825,8
FP-SOMA,1.6,1.0,0.5092515034724272,0.38436080351502044,0.6478028836845012,59.386014382438454,8
FP-SOMA,2.0,0.01,0.6784467896274331,0.6497319177775802,0.7145405172006358,47.27761138861519,8
FP-SOMA,2.0,0.02,0.6789533147450625,0.6515009528018221,0.7148610732571121,47.238094588548684,8
FP-SOMA,2.0,0.05,0.6767841278296884,0.6488631173417898,0.7138727436289676,47.40714830806056,8
FP-SOMA,2.0,0.1,0.6772282480641637,0.6506549603314674,0.7177044492332137,47.37257357923776,8
FP-SOMA,2.0,0.2,0.6793364410439656,0.6548014704610156,0.7175863403990609,47.20818805745958,8
FP-SOMA,2.0,0.5,0.682215826260559,0.6546870615836249,0.7266822859883533,46.98296088005402,8
FP-SOMA,2.0,1.0,0.6794194013236625,0.6582655568278553,0.7148969792207156,47.20171034138618,8
FP-SOMA,3.0,0.01,0.7417059956920121,0.730252405116693,0.7721364822320979,42.12305629551378,8
FP-SOMA,3.0,0.02,0.7419972846800253,0.7284451981506184,0.771636607581616,42.09816735273928,8
FP-SOMA,3.0,0.05,0.7417655946331341,0.7292709201375558,0.7718756853629662,42.117964887175674,8
FP-SOMA,3.0,0.1,0.7419193247003338,0.7299324426745111,0.770705842575438,42.10482975007507,8
FP-SOMA,3.0,0.2,0.74230498094685,0.7260513567262393,0.7738558082200444,42.071863500897074,8
FP-SOMA,3.0,0.5,0.7492253583412758,0.7295288659967228,0.7860134619744804,41.47667947306187,8
FP-SOMA,3.0,1.0,0.7370205430773368,0.7213258788914987,0.7607258983177787,42.52177377197159,8
FSAM,1.1,0.01,0.7631335545617209,0.5055881462728131,0.9767854885905506,40.25877062689833,8
FSAM,1.1,0.02,0.7613640142516832,0.5225724638114083,0.977093497520511,40.41540562555618,8
FSAM,1.1,0.05,0.7594852591954534,0.47377380000347646,0.9769849945847249,40.581159532025836,8
FSAM,1.1,0.1,0.7676841600628661,0.5317453060952703,0.9766951252754046,39.85361851345151,8
FSAM,1.1,0.2,0.7476356269155907,0.47674779322239563,0.9771309918815052,41.614018418197965,8
FSAM,1.1,0.5,0.758823279357036,0.4982528670832403,0.9768825442373514,40.639429670555415,8
FSAM,1.1,1.0,0.7636592968098939,0.4870416916507797,0.976969549600943,40.21213584565225,8
FSAM,1.6,0.01,0.9511297526910385,0.9304307378664134,0.9838100655995162,17.986416061366256,8
FSAM,1.6,0.02,0.9511268820872503,0.9306842916716516,0.9838105070340417,17.98694868977206,8
FSAM,1.6,0.05,0.9511728402501288,0.9298787468837693,0.9842371640462643,17.978419513513337,8
FSAM,1.6,0.1,0.9512582476998127,0.9308457861074655,0.9841229256053308,17.96255871419264,8
FSAM,1.6,0.2,0.951524480492931,0.931798260590867,0.9842983393608843,17.913030157170667,8
FSAM,1.6,0.5,0.9516776910811483,0.9317218226914814,0.9842897348108111,17.884467526037472,8
FSAM,1.6,1.0,0.9515321805296926,0.9319501901043353,0.9842269721294878,17.911595711803944,8
FSAM,2.0,0.01,0.9640248891438633,0.9608036465160026,0.9745552586264683,15.415206848117506,8
FSAM,2.0,0.02,0.9640625448248291,0.9607976927835413,0.9745825309368059,15.407088079157235,8
FSAM,2.0,0.05,0.9639825392890812,0.9607244302711485,0.974392536038601,15.424332724434745,8
FSAM,2.0,0.1,0.9640566681222691,0.9607645723821254,0.9745525987616215,15.408355402974905,8
FSAM,2.0,0.2,0.9640055627918713,0.9607320540238483,0.9745513106212766,15.419372094599936,8
FSAM,2.0,0.5,0.9640451040786535,0.960828427033674,0.9745138036903233,15.410848917440202,8
FSAM,2.0,1.0,0.9640253710216209,0.9607970215139694,0.9745503506810712,15.415102979015542,8
FSAM,3.0,0.01,0.9764823846232664,0.9747437346462822,0.976713484005575,12.450566047440713,8
FSAM,3.0,0.02,0.9764609387640624,0.9747139282348218,0.9766898988679947,12.456264083194876,8
FSAM,3.0,0.05,0.9764441913562013,0.9746965865361966,0.9766519101768565,12.460711985458383,8
FSAM,3.0,0.1,0.9764718411733186,0.9747447835586258,0.9767448972942705,12.453367699307385,8
FSAM,3.0,0.2,0.9764672025467325,0.9747174034679286,0.976696595855159,12.454600099078037,8
FSAM,3.0,0.5,0.9764649481487355,0.9748104769847987,0.9766769742490231,12.455199008797189,8
FSAM,3.0,1.0,0.9764753598394035,0.9747889913435903,0.9766415347979523,12.45243277286057,8
FSAM+AdamW,1.1,0.01,0.7169230624330603,0.37424450928857805,0.9772422527412794,44.19897640741273,8
FSAM+AdamW,1.1,0.02,0.7169203683244366,0.37424202442779775,0.9772416917406687,44.19919782351944,8
FSAM+AdamW,1.1,0.05,0.7169151332808241,0.37424834248731054,0.9772423045049818,44.19962806459676,8
FSAM+AdamW,1.1,0.1,0.7169186627549624,0.3742437963405225,0.9772416142752592,44.19933799579163,8
FSAM+AdamW,1.1,0.2,0.7169228196074376,0.3742858664041706,0.9772417691227193,44.19899636414376,8
FSAM+AdamW,1.1,0.5,0.7169159581539938,0.3742130789773659,0.9772402845939159,44.19956027277053,8
FSAM+AdamW,1.1,1.0,0.7169061132312136,0.374211165800737,0.9772423792947006,44.20036936788844,8
FSAM+AdamW,1.6,0.01,0.9513233467034824,0.931854639506175,0.9839092854262451,17.950460243158254,8
FSAM+AdamW,1.6,0.02,0.9513188936943786,0.9318829404661582,0.9839072049044303,17.951288073909684,8
FSAM+AdamW,1.6,0.05,0.951337196536551,0.9318820079968487,0.9839117448763153,17.94788527228931,8
FSAM+AdamW,1.6,0.1,0.9513006598154116,0.9318037668776511,0.9839063764215332,17.954677433980457,8
FSAM+AdamW,1.6,0.2,0.9512889030137514,0.9318314835679014,0.983902800188396,17.956862490297755,8
FSAM+AdamW,1.6,0.5,0.951234361838996,0.931714679689282,0.983863728196386,17.966995860173043,8
FSAM+AdamW,1.6,1.0,0.9511506885219038,0.9315198786729724,0.9838873804076071,17.98253104507471,8
FSAM+AdamW,2.0,0.01,0.9626236571852022,0.958477930147441,0.972441032514772,15.714410477412823,8
FSAM+AdamW,2.0,0.02,0.9626411693568514,0.9584970164371883,0.9724368634826349,15.710705414117282,8
FSAM+AdamW,2.0,0.05,0.9625967040330339,0.9584516952401081,0.9724268565256879,15.720111312726438,8
FSAM+AdamW,2.0,0.1,0.9625724100182333,0.9584197976252885,0.9723622373216444,15.725247990174276,8
FSAM+AdamW,2.0,0.2,0.9625519550331787,0.958396063733349,0.9723764846680808,15.729571682964893,8
FSAM+AdamW,2.0,0.5,0.9623215877546173,0.9581542073026392,0.9722140932398236,15.778186049960768,8
FSAM+AdamW,2.0,1.0,0.9619591006765515,0.957887437833806,0.9718750116455466,15.854387463247448,8
FSAM+AdamW,3.0,0.01,0.9699887396281399,0.9679445578760948,0.9704653017770924,14.07252138447718,8
FSAM+AdamW,3.0,0.02,0.9699583054906795,0.9679666824116995,0.9704523525373758,14.079691088977686,8
FSAM+AdamW,3.0,0.05,0.969941013164652,0.9678538524913071,0.9705124140988983,14.083763239172676,8
FSAM+AdamW,3.0,0.1,0.9698494264676517,0.9678115740021065,0.9702195621760273,14.105311680429141,8
FSAM+AdamW,3.0,0.2,0.9697731369607882,0.9677211674045356,0.970080584228962,14.123236420980348,8
FSAM+AdamW,3.0,0.5,0.9692333408638143,0.9670286460146136,0.9695575601226218,14.249434101629129,8
FSAM+AdamW,3.0,1.0,0.9684401346754666,0.9664189862430025,0.9687063768547817,14.432915110506345,8
Lazy-SOMA,1.1,0.01,0.0016919527283455007,0.0024367712107286,0.008302427032476675,89.90305820327752,8
Lazy-SOMA,1.1,0.02,0.001630599276232038,0.00276869834528545,0.0082019747123282,89.90657350199355,8
Lazy-SOMA,1.1,0.05,0.0014888662516423,0.0026865132613822,0.00818699605759915,89.91469421600488,8
Lazy-SOMA,1.1,0.1,0.0018886686175032508,0.00382898842256935,0.008386253057181525,89.89178719498443,8
Lazy-SOMA,1.1,0.2,0.001379690424726512,0.003398316448095925,0.008491851097782676,89.92094953654919,8
Lazy-SOMA,1.1,0.5,0.0034410593671936494,0.00185660125388185,0.0124757748569079,89.80284143211574,8
Lazy-SOMA,1.1,1.0,0.0040892424860933495,0.0030949306037900996,0.0089209299001642,89.7657030111562,8
Lazy-SOMA,1.6,0.01,0.01854240855642486,0.0082889728678993,0.034604785857521574,88.93753735896468,8
Lazy-SOMA,1.6,0.02,0.01880949165535145,0.008807817023726851,0.03462430774837755,88.92223195514417,8
Lazy-SOMA,1.6,0.05,0.019968723306780123,0.009259532000794251,0.031947434594789874,88.85580038208157,8
Lazy-SOMA,1.6,0.1,0.022512776858216538,0.014050248133682925,0.03331799938060262,88.71000391818238,8
Lazy-SOMA,1.6,0.2,0.026789668233966713,0.007836360845388975,0.045429835031259025,88.46488141601674,8
Lazy-SOMA,1.6,0.5,0.031865547373723734,0.008710037474628125,0.04498229832577388,88.17392949866762,8
Lazy-SOMA,1.6,1.0,0.022024644635365673,0.011611336046089675,0.03189960244079147,88.73797877183614,8
Lazy-SOMA,2.0,0.01,0.009228910415168238,-0.00174594499428605,0.021878656226552325,89.4712148771749,8
Lazy-SOMA,2.0,0.02,0.006645884072941888,-0.0056652255362136,0.019632865126354926,89.61921608838911,8
Lazy-SOMA,2.0,0.05,0.009970339534611575,0.0010004578817288,0.02158499717544735,89.42873215935353,8
Lazy-SOMA,2.0,0.1,0.012155282687199013,0.0042519742763691745,0.02279898428348235,89.30353645199801,8
Lazy-SOMA,2.0,0.2,0.03827319630148912,0.03028088983874065,0.05190215485021585,87.8065716583263,8
Lazy-SOMA,2.0,0.5,0.05952953350800759,0.04238428285613115,0.0700960039327806,86.58719124711098,8
Lazy-SOMA,2.0,1.0,0.06552804142538632,0.05301455751895533,0.10110317805283181,86.2428276725198,8
Lazy-SOMA,3.0,0.01,0.013035337695382575,0.00171754032387255,0.019081202806442175,89.253109012552,8
Lazy-SOMA,3.0,0.02,0.01544766270300485,0.0031940933611880997,0.02265577485643945,89.1148789186134,8
Lazy-SOMA,3.0,0.05,0.020055614433916475,0.005966964674728625,0.03143537537424268,88.85082089000743,8
Lazy-SOMA,3.0,0.1,0.029128098220042198,0.01648661447854135,0.04369159803740015,88.33084681889795,8
Lazy-SOMA,3.0,0.2,0.040360019326927954,0.033056633753798546,0.0522049353299521,87.68691296483608,8
Lazy-SOMA,3.0,0.5,0.09415234310763732,0.06799418379763184,0.1081636871132105,84.59746602777791,8
Lazy-SOMA,3.0,1.0,0.07002872462762612,0.03973374128304685,0.09373155807139105,85.98436293325656,8
MSAM,1.1,0.01,-0.023099663483056625,-0.04283895093846617,-0.009381645575812624,91.3236309572425,8
MSAM,1.1,0.02,-0.0186076938362504,-0.021761204456804073,-0.0038667179954670504,91.06620385751069,8
MSAM,1.1,0.05,-0.029038043300946427,-0.05671903647749332,-0.007457057304993424,91.66399123079658,8
MSAM,1.1,0.1,-0.01392917597042989,-0.026454406798707,-0.00033462373348125017,90.79810880505646,8
MSAM,1.1,0.2,-0.01936411516515935,-0.032017352099395,-0.00200278239385815,91.10955142156027,8
MSAM,1.1,0.5,-0.02753703238181034,-0.054173394221380074,-0.01172608685236795,91.577955202778,8
MSAM,1.1,1.0,-0.018161769166180126,-0.024224625394932198,-0.004259809503450175,91.0406499367664,8
MSAM,1.6,0.01,-0.013998834015363225,-0.02438347875918865,0.00784768165982895,90.80210030621832,8
MSAM,1.6,0.02,-0.013960207895660562,-0.023409204761678452,0.0034551418308024,90.79988697629746,8
MSAM,1.6,0.05,-0.01115832226735635,-0.024648612163319098,0.008957624468130825,90.63933803996783,8
MSAM,1.6,0.1,-0.014971380432106475,-0.028803350837142826,0.004495543202449125,90.85782896022947,8
MSAM,1.6,0.2,-0.016003898296303738,-0.023953766370614325,0.0025538978895314484,90.91699497516225,8
MSAM,1.6,0.5,-0.01433037443443309,-0.024790677972029825,0.0071218341629568,90.82109807897038,8
MSAM,1.6,1.0,-0.018592107436573687,-0.030773447096231175,0.0007434143124777502,91.0653106680758,8
MSAM,2.0,0.01,0.0029535507354869006,-0.01789321933239715,0.0244713405987834,89.83077376223846,8
MSAM,2.0,0.02,0.0032568734456757007,-0.017524934842032776,0.025188104470135125,89.81339456725928,8
MSAM,2.0,0.05,0.003515169094939862,-0.018538809572649577,0.024986738863979775,89.79859523181022,8
MSAM,2.0,0.1,0.002383413793994587,-0.018085630772510276,0.022736966391357374,89.8634403194791,8
MSAM,2.0,0.2,0.0032317521904802115,-0.017787052889457724,0.024318724783458902,89.81483391673308,8
MSAM,2.0,0.5,0.0034743744783032127,-0.01800925843941975,0.024352700393234873,89.80093260544425,8
MSAM,2.0,1.0,0.0033737177568776994,-0.01631068479822075,0.023323184286931774,89.80669984457191,8
MSAM,3.0,0.01,-0.0017835681779239249,-0.01651725229172975,0.002390560951148475,90.10219098324916,8
MSAM,3.0,0.02,-0.0014806898506526875,-0.016801583460368474,0.0033470565852217497,90.08483731021043,8
MSAM,3.0,0.05,-0.0016133217142234755,-0.016500981451076476,0.00344745552733995,90.09243656532094,8
MSAM,3.0,0.1,-0.0013135201839214877,-0.01659265945076535,0.00423500248658375,90.07525918448519,8
MSAM,3.0,0.2,-0.001678668704403675,-0.0164225498019744,0.00400787997520795,90.09618067713478,8
MSAM,3.0,0.5,-0.0019023216466133872,-0.016702739544025427,0.003653825084121975,90.10899506736645,8
MSAM,3.0,1.0,-0.0021142517272787257,-0.01708547491574,0.003665840483776125,90.1211377910503,8
MSOMA,1.1,0.01,-0.014646781286710861,-0.021479780791042423,-0.0008916338821525998,90.83922875937661,8
MSOMA,1.1,0.02,-0.014525887487488426,-0.021488976240801077,-0.00089369385398005,90.83230131792324,8
MSOMA,1.1,0.05,-0.014672393783531364,-0.0215232662565962,-0.000894797963017975,90.84069640505685,8
MSOMA,1.1,0.1,-0.014660773872154212,-0.0215271283205716,-0.0008762667736993751,90.84003056155841,8
MSOMA,1.1,0.2,-0.014633441042982863,-0.0214965115504823,-0.0008823416320412748,90.83846433778861,8
MSOMA,1.1,0.5,-0.014609149137214625,-0.021488869005416775,-0.0008481810567120499,90.83707236531424,8
MSOMA,1.1,1.0,-0.014512955531869962,-0.0213850627613334,-0.000740916714291575,90.8315602933323,8
MSOMA,1.6,0.01,-0.01726582976751871,-0.0351170786792888,-0.0021489049635253004,90.98930833322198,8
MSOMA,1.6,0.02,-0.016963929985004098,-0.03528278600205085,-0.0023661253431544,90.97200821582912,8
MSOMA,1.6,0.05,-0.01710429583684435,-0.03547857053991078,-0.0020019414666418997,90.98005175377912,8
MSOMA,1.6,0.1,-0.016609406554489788,-0.034927346078891024,-0.0016244547990906001,90.95169265683063,8
MSOMA,1.6,0.2,-0.0165081586713111,-0.0333077636381192,-0.0021874717155733253,90.9458907849657,8
MSOMA,1.6,0.5,-0.0163257297511801,-0.03208644445416602,-0.0012290046741645997,90.93543696893597,8
MSOMA,1.6,1.0,-0.016371427298504028,-0.03222888864172312,-0.0012689178553431748,90.9380555955034,8
MSOMA,2.0,0.01,-0.002829071016867376,-0.017571626574175575,0.015107203702916825,90.16209404543359,8
MSOMA,2.0,0.02,-0.0030532186429280245,-0.016955071971924574,0.015261140667527201,90.17493681396886,8
MSOMA,2.0,0.05,-0.00313226145380625,-0.018392080026393927,0.0148008975214145,90.17946565509354,8
MSOMA,2.0,0.1,-0.0028052790224049502,-0.018184766606835125,0.016559795196405,90.1607308591552,8
MSOMA,2.0,0.2,-0.0034681966524815447,-0.017211545893050025,0.01520285289288855,90.19871342907699,8
MSOMA,2.0,0.5,-0.0013939479659112871,-0.0138064551883262,0.016846513009478776,90.0798673611725,8
MSOMA,2.0,1.0,-0.00014067007970313718,-0.011247126130230725,0.0171148366416035,90.00805980189735,8
MSOMA,3.0,0.01,-0.011885623617343136,-0.027169299530025677,0.00622009322514385,90.68101210500515,8
MSOMA,3.0,0.02,-0.011343872168751788,-0.02646812785978785,0.007294868234916849,90.64996993917451,8
MSOMA,3.0,0.05,-0.010843651286183512,-0.02669369285340245,0.00779604988453115,90.6213076296684,8
MSOMA,3.0,0.1,-0.01120356283250945,-0.026519569565809274,0.006028913312699725,90.6419302954526,8
MSOMA,3.0,0.2,-0.011459871102801288,-0.028035795443064924,0.0067948291591627,90.65661662058453,8
MSOMA,3.0,0.5,-0.010470918595854813,-0.0271377797238779,0.00812827536147895,90.5999504066155,8
MSOMA,3.0,1.0,-0.010034020793525961,-0.0275920662018772,0.006303661489601,90.57491669054359,8
OP-SOMA PostNS5,1.1,0.01,-0.006576918599738137,-0.0149632504051617,0.0009590226726858501,90.37683239470083,8
OP-SOMA PostNS5,1.1,0.02,-0.006418047602821087,-0.014799997171541426,0.0010222753099395749,90.36772956493046,8
OP-SOMA PostNS5,1.1,0.05,-0.006437176231069073,-0.015109804359458774,0.001287897529639389,90.36882557723762,8
OP-SOMA PostNS5,1.1,0.1,-0.0063658313406367495,-0.015068522582967125,0.0022066369078807503,90.36473773236588,8
OP-SOMA PostNS5,1.1,0.2,-0.006070536701700612,-0.01569007010181115,0.005137566069712325,90.34781826867497,8
OP-SOMA PostNS5,1.1,0.5,-0.005828652849478274,-0.01476162181605245,0.0076635665045124,90.3339590994831,8
OP-SOMA PostNS5,1.1,1.0,-0.00419181301044085,-0.014766571254429674,0.0101062763616581,90.24017389737092,8
OP-SOMA PostNS5,1.6,0.01,0.009577249612930213,-0.005492316048786225,0.0234232856091764,89.45125562880617,8
OP-SOMA PostNS5,1.6,0.02,0.009887714878187574,-0.005844169266129176,0.02340189121897375,89.4334664368232,8
OP-SOMA PostNS5,1.6,0.05,0.010860011256486049,-0.004010116086794175,0.023969005774247452,89.37775495788279,8
OP-SOMA PostNS5,1.6,0.1,0.009644669722965763,-0.00786526725379345,0.021762161505503076,89.44739256262521,8
OP-SOMA PostNS5,1.6,0.2,0.011449749526992539,-0.00636060933978205,0.023026823717116875,89.34396334104176,8
OP-SOMA PostNS5,1.6,0.5,0.010508677001890749,-0.00660383956090985,0.024302617935911028,89.39788607704192,8
OP-SOMA PostNS5,1.6,1.0,0.010078703630418863,0.00015097892166645015,0.0191602020905649,89.42252304202185,8
OP-SOMA PostNS5,2.0,0.01,-0.004931004425315588,-0.019744921500156623,0.013021331900118574,90.28252688726982,8
OP-SOMA PostNS5,2.0,0.02,-0.004964112512979988,-0.02190817882459475,0.01483948947054995,90.2844238641784,8
OP-SOMA PostNS5,2.0,0.05,-0.004970655602494612,-0.02116453762422965,0.015206421666919951,90.28479876021784,8
OP-SOMA PostNS5,2.0,0.1,-0.006368404876203087,-0.020650028630907452,0.011376309106600275,90.36488518808125,8
OP-SOMA PostNS5,2.0,0.2,-0.006347825656399449,-0.019805197044308,0.00976328738024645,90.3637060618071,8
OP-SOMA PostNS5,2.0,0.5,-0.007569091849052663,-0.02078259857575475,0.00826274841131585,90.4336811587803,8
OP-SOMA PostNS5,2.0,1.0,-0.010704125761632013,-0.026999009031605525,-0.001214266397581675,90.61331294195891,8
OP-SOMA PostNS5,3.0,0.01,0.009319405565965912,-0.00209990192654205,0.019572177758046976,89.46602966397113,8
OP-SOMA PostNS5,3.0,0.02,0.009719154011100012,-0.0021690899825182,0.01908661318430835,89.4431247272372,8
OP-SOMA PostNS5,3.0,0.05,0.010960881647085325,-0.000881527433501625,0.02274281337000945,89.37197516620395,8
OP-SOMA PostNS5,3.0,0.1,0.010998955401935087,-0.00195976137594375,0.022556003946429676,89.3697935692316,8
OP-SOMA PostNS5,3.0,0.2,0.01026215841572281,-0.0013610030592795,0.0212427585729064,89.4120113134093,8
OP-SOMA PostNS5,3.0,0.5,0.013837026749966948,0.003983037389358325,0.0177563187189949,89.20717146524886,8
OP-SOMA PostNS5,3.0,1.0,0.0052670677651989375,-0.007859292487259775,0.0145391300779464,89.69821785129353,8
OP-SOMA PreNS5,1.1,0.01,-0.0010384335236189876,-0.009808890169126875,0.008009899921743726,90.05949786890147,8
OP-SOMA PreNS5,1.1,0.02,-0.001065086724752988,-0.0097929245234277,0.007955662646021475,90.06102498568166,8
OP-SOMA PreNS5,1.1,0.05,-0.0012146320306947375,-0.01053484099097415,0.0082446791523796,90.06959330613242,8
OP-SOMA PreNS5,1.1,0.1,-0.0014335425513082685,-0.01141258222092455,0.009531807039671126,90.08213596607457,8
OP-SOMA PreNS5,1.1,0.2,-0.0018176081883322505,-0.012101942452940875,0.01045205347696945,90.10414133534186,8
OP-SOMA PreNS5,1.1,0.5,-0.0014161495995091995,-0.00942974077171865,0.011789894594688176,90.08113942233162,8
OP-SOMA PreNS5,1.1,1.0,-0.0012601322167284249,-0.006759408776823975,0.0145135940332108,90.07220027675523,8
OP-SOMA PreNS5,1.6,0.01,0.011391094596437413,-0.00043083763343942515,0.023454634997912175,89.34732424019221,8
OP-SOMA PreNS5,1.6,0.02,0.0113233983389055,-0.00059410931270215,0.02307512451511945,89.35120320021423,8
OP-SOMA PreNS5,1.6,0.05,0.011283662768650775,-0.0002639394108136751,0.022872449927826874,89.35348002614596,8
OP-SOMA PreNS5,1.6,0.1,0.01085059542076325,-0.00154599809962275,0.0204712661994106,89.37829447731907,8
OP-SOMA PreNS5,1.6,0.2,0.011838312553553975,-0.00022873355057640007,0.025039224721033773,89.3216988100026,8
OP-SOMA PreNS5,1.6,0.5,0.010668523446257974,-0.00010967469186139991,0.01628793653660795,89.38872703693664,8
OP-SOMA PreNS5,1.6,1.0,0.011608831441833764,0.00196875693451635,0.0220619935381901,89.33484801286934,8
OP-SOMA PreNS5,2.0,0.01,-0.004384171843604449,-0.019165371430304227,0.014304767363840249,90.25119534800575,8
OP-SOMA PreNS5,2.0,0.02,-0.00433907594161425,-0.018585159791216926,0.014117330757295975,90.24861151857095,8
OP-SOMA PreNS5,2.0,0.05,-0.0037361004380482366,-0.019093301119003574,0.01537764202346575,90.2140632849376,8
OP-SOMA PreNS5,2.0,0.1,-0.004355911571970675,-0.0186483010916353,0.012434272448547326,90.24957613825187,8
OP-SOMA PreNS5,2.0,0.2,-0.004221602325401925,-0.017306915912025926,0.014652595834196876,90.24188071449515,8
OP-SOMA PreNS5,2.0,0.5,-0.008359959963994575,-0.017926035033915374,-0.001590981989776875,90.47899600236545,8
OP-SOMA PreNS5,2.0,1.0,-0.014902666149006425,-0.04100320217733205,0.0018344019600946252,90.85389148253579,8
OP-SOMA PreNS5,3.0,0.01,0.012179935355620439,0.0004332007334805249,0.0170032216492398,89.30212385357173,8
OP-SOMA PreNS5,3.0,0.02,0.01174274894730314,0.001073074763702925,0.0176131690938942,89.32717458194278,8
OP-SOMA PreNS5,3.0,0.05,0.012676740070225425,0.0011046992256376498,0.02056738070675275,89.27365684124656,8
OP-SOMA PreNS5,3.0,0.1,0.012190880280865787,0.0017639117930993752,0.02087583733671055,89.30149670898585,8
OP-SOMA PreNS5,3.0,0.2,0.013237570468379513,0.0014964821415876,0.020568829226022125,89.24152092826002,8
OP-SOMA PreNS5,3.0,0.5,0.010078290764412513,-3.70140898413595e-05,0.01804512381264615,89.42254669870302,8
OP-SOMA PreNS5,3.0,1.0,0.00634546353315075,-0.012703178792879976,0.027691947324653726,89.63642928061157,8
RandSAM-Muon,1.1,0.01,-0.00693837939350905,-0.017235746531840176,0.003364266152537825,90.39754304564593,8
RandSAM-Muon,1.1,0.02,-0.006898897797024987,-0.0170376542818391,0.00338191391469475,90.39528086265558,8
RandSAM-Muon,1.1,0.05,-0.006950599104304763,-0.017075464331190775,0.003312136155339575,90.39824320038443,8
RandSAM-Muon,1.1,0.1,-0.006880432433463637,-0.017143500013458376,0.0034918905540903492,90.39422285014544,8
RandSAM-Muon,1.1,0.2,-0.006915218453538326,-0.016965624842004326,0.00342674197350155,90.39621598969923,8
RandSAM-Muon,1.1,0.5,-0.006937394516142899,-0.0169192583116951,0.0033698475141827507,90.39748661497138,8
RandSAM-Muon,1.1,1.0,-0.006959343305870511,-0.016901721039631674,0.0032736689885850003,90.39874421834702,8
RandSAM-Muon,1.6,0.01,-0.004163877625643875,-0.008687194437260175,-0.00014921004667274996,90.23857330375417,8
RandSAM-Muon,1.6,0.02,-0.0041797045826608,-0.008716420817543424,-0.00029858803117744997,90.23948012948493,8
RandSAM-Muon,1.6,0.05,-0.0042253939584425,-0.0085503629932916,-8.377604533597497e-05,90.24209796100345,8
RandSAM-Muon,1.6,0.1,-0.0040473311197072506,-0.008594997693434775,0.000537067856064575,90.23189562456355,8
RandSAM-Muon,1.6,0.2,-0.004017265842684562,-0.008642681026591674,0.0004912785930358,90.23017299707567,8
RandSAM-Muon,1.6,0.5,-0.004002538611292962,-0.008640777248746675,0.0008291598040826,90.22932918208899,8
RandSAM-Muon,1.6,1.0,-0.0040136947829571504,-0.008678084684820325,0.0014777167588967,90.22996838877533,8
RandSAM-Muon,2.0,0.01,-0.012869066099703189,-0.0189316565463544,-0.00750320447806535,90.73736352755705,8
RandSAM-Muon,2.0,0.02,-0.012640259187640713,-0.019029474852516874,-0.0069689545538706,90.72425279066381,8
RandSAM-Muon,2.0,0.05,-0.012608902258968026,-0.018068453191052027,-0.0069903675244323,90.72245602780252,8
RandSAM-Muon,2.0,0.1,-0.012980563011894762,-0.018827420647715,-0.006840204014870449,90.74375236371016,8
RandSAM-Muon,2.0,0.2,-0.012175342238460812,-0.017768130637912227,-0.00701540176562095,90.69761296068495,8
RandSAM-Muon,2.0,0.5,-0.013099207132166751,-0.018348812623343175,-0.00752522131823205,90.75055074908832,8
RandSAM-Muon,2.0,1.0,-0.01318249081739345,-0.018751208911610823,-0.006243560373252525,90.75532296481094,8
RandSAM-Muon,3.0,0.01,-0.006498881058101237,-0.020943919252138826,0.007711536193309975,90.37236107735801,8
RandSAM-Muon,3.0,0.02,-0.006484607883460037,-0.02077820566740995,0.0079301098377324,90.37154326745825,8
RandSAM-Muon,3.0,0.05,-0.0065510359766368376,-0.020365914420442173,0.007751454146346925,90.37534939768595,8
RandSAM-Muon,3.0,0.1,-0.0067790021955559995,-0.020729732867470426,0.007582739428305425,90.3884111900517,8
RandSAM-Muon,3.0,0.2,-0.006758177475124975,-0.021318954593562926,0.008220084001818275,90.38721799412869,8
RandSAM-Muon,3.0,0.5,-0.006586023419374587,-0.022607451482209648,0.008733069812419676,90.3773540737378,8
RandSAM-Muon,3.0,1.0,-0.006298818006144937,-0.021325684677208273,0.008535787950657174,90.36089807414497,8
SAM,1.1,0.01,1.0,1.0,1.0000000000000002,0.0,8
SAM,1.1,0.02,1.0,1.0,1.0000000000000002,0.0,8
SAM,1.1,0.05,1.0,0.9999999999999998,1.0000000000000002,0.0,8
SAM,1.1,0.1,1.0,1.0,1.0,0.0,8
SAM,1.1,0.2,1.0,1.0,1.0000000000000002,0.0,8
SAM,1.1,0.5,1.0,1.0,1.0000000000000002,0.0,8
SAM,1.1,1.0,1.0,1.0,1.0,0.0,8
SAM,1.6,0.01,1.0,0.9999999999999999,1.0,0.0,8
SAM,1.6,0.02,1.0,1.0,1.0000000000000002,0.0,8
SAM,1.6,0.05,1.0,0.9999999999999998,1.0,0.0,8
SAM,1.6,0.1,0.9999999999999999,0.9999999999999998,1.0000000000000002,8.537736462515939e-07,8
SAM,1.6,0.2,1.0,1.0,1.0000000000000002,0.0,8
SAM,1.6,0.5,1.0,1.0,1.0,0.0,8
SAM,1.6,1.0,1.0,1.0,1.0000000000000002,0.0,8
SAM,2.0,0.01,1.0,1.0,1.0,0.0,8
SAM,2.0,0.02,1.0,1.0,1.0,0.0,8
SAM,2.0,0.05,1.0,1.0,1.0000000000000002,0.0,8
SAM,2.0,0.1,0.9999999999999999,0.9999999999999998,1.0,8.537736462515939e-07,8
SAM,2.0,0.2,1.0,1.0,1.0000000000000004,0.0,8
SAM,2.0,0.5,1.0,1.0,1.0000000000000002,0.0,8
SAM,2.0,1.0,1.0,1.0,1.0000000000000002,0.0,8
SAM,3.0,0.01,1.0,1.0,1.0,0.0,8
SAM,3.0,0.02,1.0,1.0,1.0000000000000002,0.0,8
SAM,3.0,0.05,1.0,1.0,1.0,0.0,8
SAM,3.0,0.1,1.0,0.9999999999999998,1.0000000000000002,0.0,8
SAM,3.0,0.2,1.0,1.0,1.0,0.0,8
SAM,3.0,0.5,0.9999999999999999,0.9999999999999998,1.0,8.537736462515939e-07,8
SAM,3.0,1.0,0.9999999999999999,0.9999999999999999,1.0,8.537736462515939e-07,8
SAM+AdamW,1.1,0.01,1.0,1.0,1.0,0.0,8
SAM+AdamW,1.1,0.02,1.0000000000000002,1.0,1.0000000000000002,0.0,8
SAM+AdamW,1.1,0.05,1.0,0.9999999999999999,1.0,0.0,8
SAM+AdamW,1.1,0.1,1.0,1.0,1.0000000000000002,0.0,8
SAM+AdamW,1.1,0.2,1.0,0.9999999999999998,1.0000000000000002,0.0,8
SAM+AdamW,1.1,0.5,1.0,1.0,1.0000000000000004,0.0,8
SAM+AdamW,1.1,1.0,1.0,1.0,1.0000000000000002,0.0,8
SAM+AdamW,1.6,0.01,0.9999999999999999,0.9999999999999999,1.0,8.537736462515939e-07,8
SAM+AdamW,1.6,0.02,1.0,0.9999999999999998,1.0000000000000002,0.0,8
SAM+AdamW,1.6,0.05,1.0,1.0,1.0000000000000002,0.0,8
SAM+AdamW,1.6,0.1,1.0000000000000002,1.0,1.0000000000000004,0.0,8
SAM+AdamW,1.6,0.2,1.0,1.0,1.0000000000000002,0.0,8
SAM+AdamW,1.6,0.5,1.0,0.9999999999999999,1.0000000000000002,0.0,8
SAM+AdamW,1.6,1.0,1.0,1.0,1.0000000000000002,0.0,8
SAM+AdamW,2.0,0.01,1.0,1.0,1.0000000000000002,0.0,8
SAM+AdamW,2.0,0.02,1.0,1.0,1.0000000000000002,0.0,8
SAM+AdamW,2.0,0.05,1.0,1.0,1.0,0.0,8
SAM+AdamW,2.0,0.1,1.0,1.0,1.0,0.0,8
SAM+AdamW,2.0,0.2,1.0,1.0,1.0000000000000002,0.0,8
SAM+AdamW,2.0,0.5,1.0,0.9999999999999998,1.0000000000000002,0.0,8
SAM+AdamW,2.0,1.0,1.0,1.0,1.0,0.0,8
SAM+AdamW,3.0,0.01,1.0,1.0,1.0000000000000002,0.0,8
SAM+AdamW,3.0,0.02,1.0,1.0,1.0000000000000002,0.0,8
SAM+AdamW,3.0,0.05,1.0,1.0,1.0,0.0,8
SAM+AdamW,3.0,0.1,1.0,1.0,1.0000000000000002,0.0,8
SAM+AdamW,3.0,0.2,1.0,1.0,1.0,0.0,8
SAM+AdamW,3.0,0.5,1.0,1.0,1.0000000000000002,0.0,8
SAM+AdamW,3.0,1.0,1.0,1.0,1.0000000000000002,0.0,8
SOMA,1.1,0.01,-0.008104508695710062,-0.017912738165180873,0.001716875148539275,90.46435922680845,8
SOMA,1.1,0.02,-0.008121375993234401,-0.017666593813536823,0.0016063179570180248,90.46532568357493,8
SOMA,1.1,0.05,-0.008057352932577838,-0.0178282056479837,0.0014915206013099498,90.46165731238013,8
SOMA,1.1,0.1,-0.007907004283223475,-0.01793059811061115,0.001647170244044875,90.4530426948632,8
SOMA,1.1,0.2,-0.007928543004537863,-0.018869577149012023,0.0025202751242478,90.45427681137534,8
SOMA,1.1,0.5,-0.007148610079869413,-0.016174068872351975,0.00491550179559815,90.4095886755212,8
SOMA,1.1,1.0,-0.004855732329803263,-0.01073700607996685,0.00487231735437045,90.27821406224511,8
SOMA,1.6,0.01,0.010273071638208474,-0.0057037109681918,0.02423048704668225,89.41138599885755,8
SOMA,1.6,0.02,0.010225881869866576,-0.0050277390512005245,0.0230382809922781,89.41408991544934,8
SOMA,1.6,0.05,0.011302522227777775,-0.004323641735586425,0.025177023444063473,89.35239938982298,8
SOMA,1.6,0.1,0.0118991814768669,-0.0054614605865749245,0.02528422027524755,89.31821103192738,8
SOMA,1.6,0.2,0.012462724955076662,-0.00360472248740525,0.0245230275219355,89.2859199729345,8
SOMA,1.6,0.5,0.010465351058486876,-0.0059609571614716245,0.025236786565385153,89.4003686072575,8
SOMA,1.6,1.0,0.011532624683931061,-0.0029371107216178997,0.02311450139643795,89.3392146307836,8
SOMA,2.0,0.01,-0.00374466059686505,-0.018509968697236975,0.014015777100812926,90.21455374934068,8
SOMA,2.0,0.02,-0.003962562436627225,-0.0186448470483963,0.014487797551015424,90.22703869783498,8
SOMA,2.0,0.05,-0.0033595110113544503,-0.015961402900371124,0.01321224978957395,90.19248616425605,8
SOMA,2.0,0.1,-0.0041803278517271005,-0.01627712775800115,0.01136326749715905,90.23951584048393,8
SOMA,2.0,0.2,-0.005173889455925675,-0.018775684385276974,0.009202145245512825,90.29644335209035,8
SOMA,2.0,0.5,-0.003881475406372688,-0.019841487146155024,0.010399096311315175,90.22239271749397,8
SOMA,2.0,1.0,-0.010957028052437362,-0.028150157823666103,-0.0016315311977167998,90.62780402582699,8
SOMA,3.0,0.01,0.012858703745283136,0.00023536094528269999,0.0216985110353038,89.26323024074733,8
SOMA,3.0,0.02,0.014044044030813874,0.002667846984539075,0.0227548628962827,89.19530909603517,8
SOMA,3.0,0.05,0.014370251886634513,0.00253729093846945,0.025305545851384927,89.17661687602713,8
SOMA,3.0,0.1,0.0157049298558235,0.002506390522007775,0.0266088394468355,89.10013680802751,8
SOMA,3.0,0.2,0.014457033951144473,0.0048436271648484505,0.023492492653427826,89.17164411341146,8
SOMA,3.0,0.5,0.010922598635509411,-0.011969977508249002,0.03078015214743605,89.37416875250828,8
SOMA,3.0,1.0,0.014740249350117862,-0.0019807609425955258,0.02657711951698595,89.15541533686955,8
SpecSAM-Muon,1.1,0.01,0.38649833035074,0.26532694531336964,0.538910765858441,67.26321001264226,8
SpecSAM-Muon,1.1,0.02,0.3861502542802896,0.26494885207855573,0.538548560612542,67.28483196574378,8
SpecSAM-Muon,1.1,0.05,0.386240403145048,0.2655217626148252,0.5383554350520684,67.27923238405623,8
SpecSAM-Muon,1.1,0.1,0.38575080499187137,0.265029364144723,0.536792116692735,67.30964093634628,8
SpecSAM-Muon,1.1,0.2,0.3855783861034714,0.2644603781488171,0.5370665157238865,67.32034812960592,8
SpecSAM-Muon,1.1,0.5,0.3847828128545393,0.2634765431226784,0.5360009798964475,67.36974231673987,8
SpecSAM-Muon,1.1,1.0,0.3837568516653245,0.2634633916706547,0.5344839528071004,67.43341424543014,8
SpecSAM-Muon,1.6,0.01,0.5480578484470469,0.4052865748489288,0.7003788028673118,56.766124980697825,8
SpecSAM-Muon,1.6,0.02,0.5481534303383854,0.4056580426429041,0.700272216378675,56.759577420564185,8
SpecSAM-Muon,1.6,0.05,0.5488076819998801,0.40483504808578274,0.7017851731744755,56.71474663126127,8
SpecSAM-Muon,1.6,0.1,0.5476825359938213,0.4042534864044013,0.7013173807070447,56.79182993151495,8
SpecSAM-Muon,1.6,0.2,0.5480232454630858,0.40545752691170733,0.7039998375246723,56.76849523684115,8
SpecSAM-Muon,1.6,0.5,0.5486882424449531,0.40624601573621355,0.7017415992006304,56.72293261443477,8
SpecSAM-Muon,1.6,1.0,0.5433265296586798,0.40553981153740426,0.6936060903473085,57.08962145083773,8
SpecSAM-Muon,2.0,0.01,0.7096101780249566,0.6713806841187521,0.7504816467752646,44.796792811805986,8
SpecSAM-Muon,2.0,0.02,0.7080934552209284,0.6706176320071087,0.7507482100950378,44.9199954312258,8
SpecSAM-Muon,2.0,0.05,0.7093972782751838,0.671669545724184,0.7539145088247352,44.814102629039475,8
SpecSAM-Muon,2.0,0.1,0.7083486455515118,0.6698951853740116,0.7512886473490572,44.89928506191022,8
SpecSAM-Muon,2.0,0.2,0.7110174103708475,0.6711670373286878,0.7507424174182014,44.68224496561113,8
SpecSAM-Muon,2.0,0.5,0.7176976840895688,0.6842350783709883,0.7544935964065418,44.13527734680501,8
SpecSAM-Muon,2.0,1.0,0.7150275025274604,0.689847169621638,0.748792738560594,44.35454686123154,8
SpecSAM-Muon,3.0,0.01,0.7613580533959404,0.7497083712665413,0.7903238572492074,40.41593241416162,8
SpecSAM-Muon,3.0,0.02,0.7614394210025321,0.7513267693384871,0.788045646969942,40.40874108833821,8
SpecSAM-Muon,3.0,0.05,0.7616313280705114,0.751826398961649,0.786680675838059,40.39177600706766,8
SpecSAM-Muon,3.0,0.1,0.7601757276728736,0.753449518913123,0.7857189967038409,40.52030789860304,8
SpecSAM-Muon,3.0,0.2,0.7634300310307418,0.7541216930156525,0.7894645322555015,40.2324778661992,8
SpecSAM-Muon,3.0,0.5,0.7778023560521392,0.7674551125631078,0.8056959410300744,38.94020073235158,8
SpecSAM-Muon,3.0,1.0,0.7681988442696143,0.7568920207602035,0.7938548681007195,39.80757898649939,8
