algorithm,alpha,rho,cos_theta_median,cos_theta_q25,cos_theta_q75,theta_degrees,n_seeds
SOMA,1.1,0.01,-0.29986229465209685,-0.3531956319116951,-0.19911321044147884,107.44933241193681,8
SOMA,1.1,0.02,-0.2999233940660322,-0.35320251101790007,-0.1991113300895096,107.45300205346764,8
SOMA,1.1,0.05,-0.30002113923854656,-0.35309192249955135,-0.19906792875601365,107.45887279936761,8
SOMA,1.1,0.1,-0.3000818459392091,-0.3533681871397893,-0.1987642062165948,107.46251904514868,8
SOMA,1.1,0.2,-0.3003875989337505,-0.3534797509174536,-0.19846476689891718,107.48088469414193,8
SOMA,1.1,0.5,-0.3006650645161789,-0.3515095701446844,-0.19796564166088434,107.49755280937408,8
SOMA,1.1,1.0,-0.30048273536159575,-0.34683165286239215,-0.1963309620568511,107.48659962704508,8
SOMA,1.6,0.01,-0.08126580052406429,-0.12183453208256732,-0.025223146072483625,94.66132769113003,8
SOMA,1.6,0.02,-0.08006782572348105,-0.12192773020727805,-0.0248328620333183,94.5924643697517,8
SOMA,1.6,0.05,-0.0811362707020252,-0.12040349895587935,-0.02552886066308515,94.65388159006483,8
SOMA,1.6,0.1,-0.07863559869876564,-0.1179303434092147,-0.026595790893838803,94.5101442170514,8
SOMA,1.6,0.2,-0.07793611791901205,-0.11362834955903008,-0.02787175130128105,94.46994354190896,8
SOMA,1.6,0.5,-0.07115210205408146,-0.10870542602745908,-0.020567173003339802,94.0801628224359,8
SOMA,1.6,1.0,-0.049224898901439454,-0.08190495212023292,-0.016993286925578048,92.82151920342196,8
SOMA,2.0,0.01,0.0159158816856027,0.0037284346987164997,0.031242420866100473,89.08804864755147,8
SOMA,2.0,0.02,0.018015843990326248,0.005193466989218725,0.03316535175899395,88.96771232814122,8
SOMA,2.0,0.05,0.01920259562586515,0.008530128471286074,0.03225951815165245,88.89970468745214,8
SOMA,2.0,0.1,0.01932689997580675,0.006218787047880625,0.03006741485995125,88.89258125083578,8
SOMA,2.0,0.2,0.025387481641052,0.007974991124554775,0.040906253557013175,88.54524815048721,8
SOMA,2.0,0.5,0.016787349442910902,-0.03530600334221645,0.07407633943797397,89.03811054493957,8
SOMA,2.0,1.0,0.012818389757412,-0.007939784649435976,0.07315981363737259,89.26554025249332,8
SOMA,3.0,0.01,0.11141160448825345,0.102303778172618,0.11826668843933295,83.6033052240934,8
SOMA,3.0,0.02,0.11205937377144096,0.1012487041194578,0.1174671251483915,83.56595690158635,8
SOMA,3.0,0.05,0.11009327799331539,0.09867516657284565,0.12113684708558334,83.67930733711847,8
SOMA,3.0,0.1,0.1122675769824926,0.0944536232338524,0.1204156140646328,83.55395198246313,8
SOMA,3.0,0.2,0.1029416953179502,0.08470360744235125,0.13108477890756098,84.09140826748474,8
SOMA,3.0,0.5,0.08593592087675335,0.06996792605524199,0.10945211973912695,85.07015387586935,8
SOMA,3.0,1.0,0.06086419800029065,0.026659021251829826,0.11565514364168641,86.51058166927307,8
FP-SOMA,1.1,0.01,-0.3387466935814813,-0.34897903672160213,-0.24377523726540146,109.80053426108418,8
FP-SOMA,1.1,0.02,-0.33858289799433416,-0.34893678430540065,-0.24385166569530947,109.79056006071842,8
FP-SOMA,1.1,0.05,-0.33878630760826306,-0.348761595242289,-0.24391099513600778,109.80294661920917,8
FP-SOMA,1.1,0.1,-0.33876632306961535,-0.34881848438331037,-0.24385723178929303,109.80172962489752,8
FP-SOMA,1.1,0.2,-0.3386192899497321,-0.34885598229917997,-0.24380233332583917,109.79277606553534,8
FP-SOMA,1.1,0.5,-0.3386975672387939,-0.34954307812469115,-0.24397316477160363,109.79754268639535,8
FP-SOMA,1.1,1.0,-0.33918516661216275,-0.3492672539954763,-0.24373858466140744,109.82723780113189,8
FP-SOMA,1.6,0.01,-0.25507194688197865,-0.27899838638196983,-0.23613854557592323,104.7778483819726,8
FP-SOMA,1.6,0.02,-0.2552982505855745,-0.27962596722701144,-0.23574298612269212,104.79125861205804,8
FP-SOMA,1.6,0.05,-0.2555569088963223,-0.27849371863722433,-0.23388263710410748,104.8065871158486,8
FP-SOMA,1.6,0.1,-0.2554536944725949,-0.27803726609958956,-0.23413835023081564,104.80047033466643,8
FP-SOMA,1.6,0.2,-0.25407866516452926,-0.27663208490082186,-0.23251622328431587,104.71899860220306,8
FP-SOMA,1.6,0.5,-0.2571056736249344,-0.2727887225920067,-0.23349164841194225,104.89839210755525,8
FP-SOMA,1.6,1.0,-0.25017060364358257,-0.27749822527806295,-0.22928271985016163,104.48760785666659,8
FP-SOMA,2.0,0.01,-0.20823663012535149,-0.23016925110391745,-0.18077193112296913,102.01903425270721,8
FP-SOMA,2.0,0.02,-0.2085272130550595,-0.23145027601523704,-0.18353423531834653,102.0360571222473,8
FP-SOMA,2.0,0.05,-0.20788792216331908,-0.22991260636129318,-0.18126686343117376,101.9986077356155,8
FP-SOMA,2.0,0.1,-0.20723092505551385,-0.23084687267627196,-0.18475585256158436,101.96012654585371,8
FP-SOMA,2.0,0.2,-0.20620795334490089,-0.23124794017475575,-0.18189123421420253,101.90022062916564,8
FP-SOMA,2.0,0.5,-0.19370546882671696,-0.23009706836520166,-0.17846695199882193,101.1691106030804,8
FP-SOMA,2.0,1.0,-0.18966176157573836,-0.20968970267998055,-0.1693942883149229,100.9330456547899,8
FP-SOMA,3.0,0.01,-0.1640137941877607,-0.17447868559567106,-0.13806773631139313,99.43994856823953,8
FP-SOMA,3.0,0.02,-0.16214216823904454,-0.1756767988809891,-0.1389380625253885,99.33125725235266,8
FP-SOMA,3.0,0.05,-0.1663438458472422,-0.17422227200144288,-0.1367437161199432,99.57531010351147,8
FP-SOMA,3.0,0.1,-0.16471517221409165,-0.1697757522628802,-0.13065772483467875,99.4806886482827,8
FP-SOMA,3.0,0.2,-0.14988790857139622,-0.16792877318554356,-0.13158590106400048,98.62043075457069,8
FP-SOMA,3.0,0.5,-0.13306250743114456,-0.1490927985195979,-0.12239177776474455,97.64659896993767,8
FP-SOMA,3.0,1.0,-0.1048420450075993,-0.11931736627490175,-0.0967153379526533,96.01806617665943,8
SpecSAM-Muon,1.1,0.01,0.00894089396050585,0.0010807822347192,0.016045709016230324,89.48771768556183,8
SpecSAM-Muon,1.1,0.02,0.00880377939808855,0.0011555774471275,0.01577643099694115,89.49557408053161,8
SpecSAM-Muon,1.1,0.05,0.008950306695502199,0.001239806348599,0.01656069303644845,89.48717835399275,8
SpecSAM-Muon,1.1,0.1,0.0089144356743542,0.001270632816494725,0.017052690030643324,89.48923369410808,8
SpecSAM-Muon,1.1,0.2,0.00892999806673435,0.0014801124540023748,0.015764523206349475,89.48834199921274,8
SpecSAM-Muon,1.1,0.5,0.00741711643388055,0.001350657405457775,0.015198883447595275,89.57502663556718,8
SpecSAM-Muon,1.1,1.0,0.007543547200927101,0.0020331654874114,0.013275367402185925,89.56778248353257,8
SpecSAM-Muon,1.6,0.01,0.00992919471068605,-0.00245883725482825,0.024774051872431476,89.43108970081211,8
SpecSAM-Muon,1.6,0.02,0.008753700837493,-0.00385057717747795,0.0243900046157065,89.49844348126727,8
SpecSAM-Muon,1.6,0.05,0.010809948646556749,-0.0017119640439008,0.029809253309796224,89.38062350252736,8
SpecSAM-Muon,1.6,0.1,0.010381106585491,0.0003713870702569252,0.023790908420598927,89.40519572223384,8
SpecSAM-Muon,1.6,0.2,0.013090736549871002,0.005308134377541976,0.024662705874277,89.24993462114426,8
SpecSAM-Muon,1.6,0.5,0.01077165213814095,0.0034739100324953504,0.035614038240499725,89.38281785859044,8
SpecSAM-Muon,1.6,1.0,0.0052609774181271085,-0.0012610546885150216,0.027718354693683576,89.69856680731132,8
SpecSAM-Muon,2.0,0.01,0.01257207639916625,-0.011307744652920674,0.025490231740488475,89.27965410579745,8
SpecSAM-Muon,2.0,0.02,0.0134300907409335,-0.011759692679277223,0.024953922287391076,89.2304893484533,8
SpecSAM-Muon,2.0,0.05,0.015659959778518348,-0.0109612624310699,0.0238470490066028,89.10271372056293,8
SpecSAM-Muon,2.0,0.1,0.015043911391797,-0.00687095084018325,0.024968302065058276,89.13801485382126,8
SpecSAM-Muon,2.0,0.2,0.01822177712046525,-0.002344103335608325,0.023183284706725076,88.95591129165368,8
SpecSAM-Muon,2.0,0.5,0.0200172105220938,-0.003904482361377775,0.0363680078845904,88.85302171388513,8
SpecSAM-Muon,2.0,1.0,0.00805225242254205,-0.010862486589309675,0.026548835497422724,89.53863493479894,8
SpecSAM-Muon,3.0,0.01,0.012040465877072849,-0.002737647503243375,0.0256983993114372,89.31011545210313,8
SpecSAM-Muon,3.0,0.02,0.0112996901575454,-0.001987640529363725,0.02538598850282015,89.35256166585745,8
SpecSAM-Muon,3.0,0.05,0.0105715772260553,-0.003558073090142275,0.02664616580454575,89.39428195946228,8
SpecSAM-Muon,3.0,0.1,0.01536516153774135,0.003245480393982,0.03156940297597598,89.11960644827994,8
SpecSAM-Muon,3.0,0.2,0.0240354801252834,0.00227881000973475,0.0362176245784279,88.62273579996229,8
SpecSAM-Muon,3.0,0.5,0.03968291398749195,0.034270899771999624,0.0438313321402666,87.7257393507351,8
SpecSAM-Muon,3.0,1.0,0.0183528014558844,0.007058784168903725,0.025747134186388097,88.94840289461264,8
RandSAM-Muon,1.1,0.01,0.0043725536776525,-0.0160167171971888,0.011533245525656875,89.74947033024957,8
RandSAM-Muon,1.1,0.02,0.0043972065506588005,-0.016027910733584675,0.0115300369563983,89.74805781109396,8
RandSAM-Muon,1.1,0.05,0.00440288706109035,-0.0160716516438798,0.01153350850105685,89.74773233867009,8
RandSAM-Muon,1.1,0.1,0.00440035179533365,-0.016013834952694726,0.011541089971855375,89.74787760010507,8
RandSAM-Muon,1.1,0.2,0.004419740353998751,-0.015887169226253876,0.011552821705988,89.74676670672004,8
RandSAM-Muon,1.1,0.5,0.0044070919964316006,-0.01598319408018745,0.011536195138841125,89.74749141128444,8
RandSAM-Muon,1.1,1.0,0.00435700182297515,-0.016001802937479326,0.011523324795349175,89.7503613943742,8
RandSAM-Muon,1.6,0.01,-0.006856066364800951,-0.014870636653052575,0.009381033324478075,90.39282674431817,8
RandSAM-Muon,1.6,0.02,-0.00608999196579925,-0.0153938610757935,0.009519646909133775,90.3489329938028,8
RandSAM-Muon,1.6,0.05,-0.0066026167126737,-0.014901604032746374,0.009897554967106151,90.37830482008394,8
RandSAM-Muon,1.6,0.1,-0.006578812234638149,-0.014397845606691875,0.009733845736636375,90.37694089433586,8
RandSAM-Muon,1.6,0.2,-0.0067185887965795,-0.014567826994794225,0.009906315811260025,90.38494967843344,8
RandSAM-Muon,1.6,0.5,-0.0072726015987021,-0.01435904565408995,0.0090676289230605,90.41669305094099,8
RandSAM-Muon,1.6,1.0,-0.0071254389312147,-0.014474456470961374,0.009339220543286475,90.40826103268321,8
RandSAM-Muon,2.0,0.01,-0.01243718118152635,-0.018171895719948074,0.004731709367271349,90.71261636320888,8
RandSAM-Muon,2.0,0.02,-0.01252630485971425,-0.018523868412050226,0.003732915486620575,90.71772317164574,8
RandSAM-Muon,2.0,0.05,-0.0127711426989732,-0.017348154845111576,0.00417574351778975,90.73175246885546,8
RandSAM-Muon,2.0,0.1,-0.013527434865358751,-0.019475997825171072,0.003036461900043175,90.77508856575137,8
RandSAM-Muon,2.0,0.2,-0.0132130823692716,-0.019270609158427723,0.0048664000525797,90.75707588429216,8
RandSAM-Muon,2.0,0.5,-0.01302968983748035,-0.019786335394336826,0.004663602927844224,90.74656736154239,8
RandSAM-Muon,2.0,1.0,-0.012536938057406001,-0.020363635804522225,0.004745491405665775,90.71833245683963,8
RandSAM-Muon,3.0,0.01,8.325196366845006e-05,-0.027785432053659423,0.0035765919343197002,89.99523001384011,8
RandSAM-Muon,3.0,0.02,0.00032399029874525,-0.028542364561738125,0.0037867034060811997,89.98143672295394,8
RandSAM-Muon,3.0,0.05,-0.0007880872234684,-0.027533696390533,0.002265088823235175,90.04515407646699,8
RandSAM-Muon,3.0,0.1,0.0002123292600004999,-0.028580105319436326,0.002828519139478125,89.98783442944342,8
RandSAM-Muon,3.0,0.2,-6.110748923234986e-05,-0.02862234098043505,0.0029587509406313753,90.00350120123184,8
RandSAM-Muon,3.0,0.5,0.00159748193438975,-0.02655282200285915,0.0030751737268830998,89.90847098838148,8
RandSAM-Muon,3.0,1.0,0.0021460452439898,-0.026446559383747875,0.00484251139704355,89.87704057049332,8
OP-SOMA PreNS5,1.1,0.01,-0.10497160212105619,-0.12940795963203572,-0.041311331775938646,96.0255304398632,8
OP-SOMA PreNS5,1.1,0.02,-0.10495928117575479,-0.12925926532603185,-0.0412489396913518,96.02482058034157,8
OP-SOMA PreNS5,1.1,0.05,-0.10513139377610985,-0.12895597072051368,-0.0412616647461608,96.03473676791896,8
OP-SOMA PreNS5,1.1,0.1,-0.1052099245830006,-0.12906915291981955,-0.04002546737067028,96.03926134416504,8
OP-SOMA PreNS5,1.1,0.2,-0.1048911770627073,-0.12899380184111237,-0.038073816942184924,96.02089684351402,8
OP-SOMA PreNS5,1.1,0.5,-0.10492817272736779,-0.127817238405406,-0.0360045231134837,96.02302830086433,8
OP-SOMA PreNS5,1.1,1.0,-0.1020691572505805,-0.12392748838221462,-0.034450586596348524,95.8583342480846,8
OP-SOMA PreNS5,1.6,0.01,-0.1129563687240701,-0.13186184100284296,-0.0855980931321442,96.48576551951963,8
OP-SOMA PreNS5,1.6,0.02,-0.11236621853664824,-0.1314334129549664,-0.08545530690183728,96.45173575176673,8
OP-SOMA PreNS5,1.6,0.05,-0.1128329811274494,-0.1313098824927577,-0.08601527873401926,96.47865044402711,8
OP-SOMA PreNS5,1.6,0.1,-0.1137794735779524,-0.13074780425725568,-0.08586328604883557,96.5332319677383,8
OP-SOMA PreNS5,1.6,0.2,-0.11312920555217071,-0.1295620548144137,-0.08654549303735684,96.49573222570926,8
OP-SOMA PreNS5,1.6,0.5,-0.11159696541711381,-0.12366587717893394,-0.08007525466626962,96.40738181973971,8
OP-SOMA PreNS5,1.6,1.0,-0.09731513979808695,-0.12095661255046444,-0.07186208597456742,95.58458511740372,8
OP-SOMA PreNS5,2.0,0.01,-0.02962565393137015,-0.04581096401783735,-0.013347286016799674,91.69767333284268,8
OP-SOMA PreNS5,2.0,0.02,-0.028428962682097603,-0.046039632640569,-0.009415436080139726,91.62907906644699,8
OP-SOMA PreNS5,2.0,0.05,-0.027522479768322353,-0.045890411547834346,-0.011246466824448999,91.57712108329999,8
OP-SOMA PreNS5,2.0,0.1,-0.02995287746092505,-0.04459099742984792,-0.0116800119461958,91.71643018439298,8
OP-SOMA PreNS5,2.0,0.2,-0.02949212718912255,-0.049096094353840374,-0.0118700698454848,91.69001946962604,8
OP-SOMA PreNS5,2.0,0.5,-0.06501092284137375,-0.07313145391532595,-0.008287422796520725,93.72748030169248,8
OP-SOMA PreNS5,2.0,1.0,-0.0538975230291912,-0.08228172620476684,-0.01600164427769265,93.0895976796622,8
OP-SOMA PreNS5,3.0,0.01,-0.00187576694159165,-0.009082394359509825,0.00333050297434165,90.10747359212776,8
OP-SOMA PreNS5,3.0,0.02,-0.00325280378428635,-0.009081263450016775,0.004887540960562325,90.18637225708395,8
OP-SOMA PreNS5,3.0,0.05,-0.0071167737564134005,-0.0097153901743377,0.002288258211442175,90.40776454214964,8
OP-SOMA PreNS5,3.0,0.1,-0.0083973186701383,-0.014743591844846499,-0.0010115051650532,90.48113657369277,8
OP-SOMA PreNS5,3.0,0.2,-0.0143487360574221,-0.021045079181855875,-0.009341517730699975,90.82215023065145,8
OP-SOMA PreNS5,3.0,0.5,-0.022847206353278998,-0.04628658042879545,-0.0178842837674687,91.30916241056038,8
OP-SOMA PreNS5,3.0,1.0,-0.047340141766885294,-0.0564988554965763,-0.034530690195658575,92.7134044659083,8
OP-SOMA PostNS5,1.1,0.01,-0.21823209209865435,-0.24070311051254967,-0.13127087598013634,102.60521645107914,8
OP-SOMA PostNS5,1.1,0.02,-0.21817950277017018,-0.24071649507143922,-0.13116621832131137,102.60212890317857,8
OP-SOMA PostNS5,1.1,0.05,-0.2184231023821116,-0.24068712150102775,-0.13132892164866872,102.61643108113243,8
OP-SOMA PostNS5,1.1,0.1,-0.21820661105080513,-0.2415743356362536,-0.13145792118854388,102.60372044034126,8
OP-SOMA PostNS5,1.1,0.2,-0.2183501077326228,-0.2415653120530261,-0.13163232882910517,102.612145348189,8
OP-SOMA PostNS5,1.1,0.5,-0.22234730794816399,-0.24053466229599696,-0.13333337491712235,102.8469391946642,8
OP-SOMA PostNS5,1.1,1.0,-0.2262749346950759,-0.2405501409711373,-0.1334126084711249,103.07786023333207,8
OP-SOMA PostNS5,1.6,0.01,-0.155261323201462,-0.16862547677886874,-0.11805167906540237,98.93195245109851,8
OP-SOMA PostNS5,1.6,0.02,-0.15628434893928375,-0.16768959255192284,-0.11708890287777335,98.99129187297285,8
OP-SOMA PostNS5,1.6,0.05,-0.15692354873872771,-0.1664411378983346,-0.12130704067622926,99.02837284871724,8
OP-SOMA PostNS5,1.6,0.1,-0.15732740648213261,-0.16760533116045379,-0.12244533382832128,99.05180323014689,8
OP-SOMA PostNS5,1.6,0.2,-0.1569666494153,-0.16519886743724072,-0.12310468424463847,99.03087332313655,8
OP-SOMA PostNS5,1.6,0.5,-0.15116228857708405,-0.16756494656034795,-0.1254511388160826,98.69428888142097,8
OP-SOMA PostNS5,1.6,1.0,-0.1576114910420628,-0.16636472635167707,-0.1201132312895826,99.06828571430742,8
OP-SOMA PostNS5,2.0,0.01,-0.1326789599338726,-0.13664835116538895,-0.11520867653937528,97.62442672397856,8
OP-SOMA PostNS5,2.0,0.02,-0.1308030617116077,-0.1359727648574129,-0.11535714824425171,97.51600063280141,8
OP-SOMA PostNS5,2.0,0.05,-0.13140712899497287,-0.13470402202324963,-0.1189224975645426,97.5509124817273,8
OP-SOMA PostNS5,2.0,0.1,-0.13167300886465166,-0.13732123189157913,-0.11620190254763763,97.56627980507383,8
OP-SOMA PostNS5,2.0,0.2,-0.13277267050332509,-0.13992342011987488,-0.11784433487325055,97.62984387072771,8
OP-SOMA PostNS5,2.0,0.5,-0.12500875875442094,-0.1372531691055129,-0.11937097700604977,97.18126158857538,8
OP-SOMA PostNS5,2.0,1.0,-0.1349415074234261,-0.1482608977194084,-0.11622642760236988,97.75523756110809,8
OP-SOMA PostNS5,3.0,0.01,-0.1204272541688006,-0.13531303390910224,-0.1152021792500767,96.91676126382808,8
OP-SOMA PostNS5,3.0,0.02,-0.1214358305957647,-0.13700471229353833,-0.11620597813192675,96.97497568339442,8
OP-SOMA PostNS5,3.0,0.05,-0.12174454852864611,-0.13714058332960188,-0.11556451381907243,96.99279613895649,8
OP-SOMA PostNS5,3.0,0.1,-0.11913023350560895,-0.13557725886144345,-0.11592012251192532,96.84190855457321,8
OP-SOMA PostNS5,3.0,0.2,-0.12296236254398975,-0.1342945018666093,-0.11710007446639766,97.06309996831817,8
OP-SOMA PostNS5,3.0,0.5,-0.122026333699335,-0.1335621139751237,-0.10701951944380822,97.00906251930898,8
OP-SOMA PostNS5,3.0,1.0,-0.1041284411596288,-0.12934560554293834,-0.08262321577505215,95.9769546605486,8
Lazy-SOMA,1.1,0.01,0.40428009307099433,0.302494903193107,0.4817970295629007,66.15397806527342,8
Lazy-SOMA,1.1,0.02,0.40445431849005464,0.3024117167326527,0.48204297114498984,66.14306354854067,8
Lazy-SOMA,1.1,0.05,0.40442503499532967,0.3023454023175848,0.48232974078702656,66.14489810513352,8
Lazy-SOMA,1.1,0.1,0.40463522847721567,0.302197007115295,0.4823076245484145,66.1317292975257,8
Lazy-SOMA,1.1,0.2,0.40488364082830425,0.30163788232132976,0.48163140672722915,66.11616431703408,8
Lazy-SOMA,1.1,0.5,0.4089296327826104,0.304745893914202,0.4879852594252808,65.86238627505273,8
Lazy-SOMA,1.1,1.0,0.4230907621207549,0.31637126370258645,0.5020054003024911,64.97012541351646,8
Lazy-SOMA,1.6,0.01,0.6655814381513869,0.6418222724081558,0.6918736737802628,48.273052786025865,8
Lazy-SOMA,1.6,0.02,0.668483742675934,0.6452954395120067,0.6931789909073471,48.04985307017184,8
Lazy-SOMA,1.6,0.05,0.6756054112261733,0.6458327743334997,0.6979327013731113,47.49881847589416,8
Lazy-SOMA,1.6,0.1,0.687863772504227,0.6511420859490464,0.7196865494178366,46.53875506540378,8
Lazy-SOMA,1.6,0.2,0.6890612733781412,0.6521586329061719,0.7094916775380898,46.44415361561392,8
Lazy-SOMA,1.6,0.5,0.551018007351062,0.5358438002304392,0.5589825070588502,56.563119408470506,8
Lazy-SOMA,1.6,1.0,0.5241489660608611,0.4928916783851989,0.5351284379527121,58.38903028078746,8
Lazy-SOMA,2.0,0.01,0.7163483614870232,0.6728677040369805,0.7589345872746325,44.24618846912682,8
Lazy-SOMA,2.0,0.02,0.7178559666906261,0.675587528366656,0.7670051531513354,44.1222523954892,8
Lazy-SOMA,2.0,0.05,0.7210956891957083,0.6833908253515113,0.7736114312220014,43.854983188835675,8
Lazy-SOMA,2.0,0.1,0.6878830131099786,0.6716108628507171,0.7261233828480952,46.53723624632517,8
Lazy-SOMA,2.0,0.2,0.6098851099099638,0.5565498252627079,0.6535396604345779,52.41880387288349,8
Lazy-SOMA,2.0,0.5,0.46020859106953793,0.45655602147800967,0.47395505362030854,62.599431678805544,8
Lazy-SOMA,2.0,1.0,0.4398906874083872,0.4307296380997946,0.44570666139999693,63.9030932267188,8
Lazy-SOMA,3.0,0.01,0.7699818794570084,0.7619842262984544,0.7792037146914819,39.647738327905984,8
Lazy-SOMA,3.0,0.02,0.7674091118055868,0.7619089917642596,0.7777989927575197,39.8782039650004,8
Lazy-SOMA,3.0,0.05,0.7738629540104973,0.7689639493094504,0.7761160831688557,39.29794250170011,8
Lazy-SOMA,3.0,0.1,0.6366781747175069,0.6197674230625028,0.6622832783222308,50.4554370290093,8
Lazy-SOMA,3.0,0.2,0.5769499627198569,0.5460286670375882,0.5888289305607718,54.76369604155559,8
Lazy-SOMA,3.0,0.5,0.4787694323126914,0.44997051798428117,0.5388212089384231,61.39493749729703,8
Lazy-SOMA,3.0,1.0,0.41805281567892033,0.4073940120072032,0.4285045930690172,65.28828549215574,8
MSAM,1.1,0.01,-1.0,-1.0000000000000002,-1.0,180.0,8
MSAM,1.1,0.02,-1.0,-1.0,-0.9999999999999998,180.0,8
MSAM,1.1,0.05,-1.0,-1.0000000000000002,-0.9999999999999999,180.0,8
MSAM,1.1,0.1,-0.9999999999999999,-1.0,-0.9999999999999998,179.99999914622634,8
MSAM,1.1,0.2,-1.0,-1.0000000000000004,-1.0,180.0,8
MSAM,1.1,0.5,-1.0000000000000002,-1.0000000000000002,-1.0,180.0,8
MSAM,1.1,1.0,-1.0,-1.0000000000000002,-1.0,180.0,8
MSAM,1.6,0.01,-1.0,-1.0000000000000002,-1.0,180.0,8
MSAM,1.6,0.02,-1.0,-1.0000000000000002,-1.0,180.0,8
MSAM,1.6,0.05,-1.0,-1.0,-1.0,180.0,8
MSAM,1.6,0.1,-1.0000000000000002,-1.0000000000000002,-1.0000000000000002,180.0,8
MSAM,1.6,0.2,-0.9999999999999997,-1.0,-0.9999999999999996,179.99999852122068,8
MSAM,1.6,0.5,-1.0,-1.0000000000000002,-1.0,180.0,8
MSAM,1.6,1.0,-1.0,-1.0000000000000002,-1.0,180.0,8
MSAM,2.0,0.01,-1.0000000000000002,-1.0000000000000002,-0.9999999999999998,180.0,8
MSAM,2.0,0.02,-1.0,-1.0000000000000002,-1.0,180.0,8
MSAM,2.0,0.05,-0.9999999999999999,-1.0,-0.9999999999999998,179.99999914622634,8
MSAM,2.0,0.1,-1.0,-1.0000000000000002,-1.0,180.0,8
MSAM,2.0,0.2,-0.9999999999999999,-1.0000000000000002,-0.9999999999999998,179.99999914622634,8
MSAM,2.0,0.5,-1.0,-1.0000000000000002,-1.0,180.0,8
MSAM,2.0,1.0,-1.0,-1.0,-0.9999999999999998,180.0,8
MSAM,3.0,0.01,-1.0,-1.0,-0.9999999999999998,180.0,8
MSAM,3.0,0.02,-1.0,-1.0000000000000002,-1.0,180.0,8
MSAM,3.0,0.05,-1.0,-1.0,-1.0,180.0,8
MSAM,3.0,0.1,-0.9999999999999999,-1.0,-0.9999999999999998,179.99999914622634,8
MSAM,3.0,0.2,-1.0,-1.0,-1.0,180.0,8
MSAM,3.0,0.5,-1.0,-1.0000000000000002,-0.9999999999999999,180.0,8
MSAM,3.0,1.0,-1.0,-1.0,-1.0,180.0,8
MSOMA,1.1,0.01,-1.0,-1.0,-0.9999999999999999,180.0,8
MSOMA,1.1,0.02,-1.0,-1.0000000000000002,-1.0,180.0,8
MSOMA,1.1,0.05,-0.9999999999999999,-1.0,-0.9999999999999998,179.99999914622634,8
MSOMA,1.1,0.1,-1.0000000000000002,-1.0000000000000004,-1.0,180.0,8
MSOMA,1.1,0.2,-1.0,-1.0,-0.9999999999999996,180.0,8
MSOMA,1.1,0.5,-1.0,-1.0000000000000002,-0.9999999999999998,180.0,8
MSOMA,1.1,1.0,-1.0,-1.0,-0.9999999999999999,180.0,8
MSOMA,1.6,0.01,-1.0,-1.0,-1.0,180.0,8
MSOMA,1.6,0.02,-1.0,-1.0,-0.9999999999999998,180.0,8
MSOMA,1.6,0.05,-0.9999999999999999,-1.0,-0.9999999999999996,179.99999914622634,8
MSOMA,1.6,0.1,-1.0,-1.0,-1.0,180.0,8
MSOMA,1.6,0.2,-0.9999999999999999,-1.0,-0.9999999999999998,179.99999914622634,8
MSOMA,1.6,0.5,-1.0,-1.0000000000000002,-1.0,180.0,8
MSOMA,1.6,1.0,-1.0,-1.0000000000000002,-0.9999999999999998,180.0,8
MSOMA,2.0,0.01,-1.0000000000000002,-1.0000000000000002,-1.0,180.0,8
MSOMA,2.0,0.02,-1.0,-1.0,-1.0,180.0,8
MSOMA,2.0,0.05,-1.0000000000000002,-1.0000000000000002,-1.0,180.0,8
MSOMA,2.0,0.1,-1.0,-1.0,-1.0,180.0,8
MSOMA,2.0,0.2,-1.0,-1.0000000000000002,-0.9999999999999999,180.0,8
MSOMA,2.0,0.5,-1.0,-1.0000000000000002,-1.0,180.0,8
MSOMA,2.0,1.0,-0.9999999999999999,-1.0,-0.9999999999999998,179.99999914622634,8
MSOMA,3.0,0.01,-1.0,-1.0000000000000002,-1.0,180.0,8
MSOMA,3.0,0.02,-1.0,-1.0000000000000002,-1.0,180.0,8
MSOMA,3.0,0.05,-1.0,-1.0000000000000002,-1.0,180.0,8
MSOMA,3.0,0.1,-1.0,-1.0000000000000002,-1.0,180.0,8
MSOMA,3.0,0.2,-1.0,-1.0,-0.9999999999999998,180.0,8
MSOMA,3.0,0.5,-1.0,-1.0,-0.9999999999999998,180.0,8
MSOMA,3.0,1.0,-1.0,-1.0,-0.9999999999999998,180.0,8
