step,train_loss,train_loss_sd
1,3.02321,0.00450
2,3.00932,0.00109
3,2.93507,0.00170
4,2.73104,0.00243
5,2.65875,0.00311
6,2.74004,0.00627
7,2.77376,0.00796
8,2.75371,0.01052
9,2.83940,0.00865
10,2.83883,0.00672
11,2.55506,0.00404
12,2.64355,0.00484
13,2.47184,0.00390
14,2.60384,0.00210
15,2.60686,0.00300
16,2.49743,0.00454
17,2.75670,0.00268
18,2.33969,0.00555
19,2.42152,0.00399
20,2.57157,0.00619
21,2.47076,0.00223
22,2.69746,0.00091
23,2.49900,0.00267
24,2.49247,0.00351
25,2.47721,0.00267
26,2.31128,0.00228
27,2.55506,0.00222
28,2.39645,0.00180
29,2.45300,0.00327
30,2.49486,0.00284
31,2.33314,0.00328
32,2.38789,0.00315
33,2.46383,0.00320
34,2.48071,0.00103
35,2.38996,0.00175
36,2.36404,0.00225
37,2.41134,0.00149
38,2.43787,0.00044
39,2.30905,0.00170
40,2.53755,0.00192
41,2.38055,0.00063
42,2.47814,0.00094
43,2.52484,0.00282
44,2.36618,0.00165
45,2.47911,0.00057
46,2.41217,0.00153
47,2.16143,0.00205
48,2.30608,0.00199
49,2.45798,0.00169
50,2.42631,0.00163
51,2.29332,0.00247
52,2.51412,0.00179
53,2.35496,0.00179
54,2.33010,0.00139
55,2.38007,0.00239
56,2.34083,0.00283
57,2.25680,0.00226
58,2.30600,0.00302
59,2.39393,0.00215
60,2.34258,0.00037
61,2.36849,0.00131
62,2.45807,0.00291
63,2.27651,0.00146
64,2.49392,0.00170
